space_id,dataset_id,subject_id,freq,data_time,series_tag,open,high,low,close,volume,quote_volume,funding_rate
crypto_market,perpetual_kline_1h,ADA-USDT,1H,2026-07-15T00:00:00Z,venue:binance,0.1654,0.1657,0.1643,0.1648,31619326,5221164.1023,-0.00013137
crypto_market,perpetual_kline_1h,ADA-USDT,1H,2026-07-15T01:00:00Z,venue:binance,0.1648,0.1649,0.163,0.1636,27432308,4493099.5894,
crypto_market,perpetual_kline_1h,ADA-USDT,1H,2026-07-15T02:00:00Z,venue:binance,0.1635,0.1636,0.1619,0.1627,39591624,6439598.1338,
crypto_market,perpetual_kline_1h,ADA-USDT,1H,2026-07-15T03:00:00Z,venue:binance,0.1627,0.1641,0.1624,0.1641,29206175,4769958.5763,
crypto_market,perpetual_kline_1h,ADA-USDT,1H,2026-07-15T04:00:00Z,venue:binance,0.1641,0.1643,0.163,0.1636,35376324,5789826.2156,
crypto_market,perpetual_kline_1h,ADA-USDT,1H,2026-07-15T05:00:00Z,venue:binance,0.1635,0.1644,0.1628,0.1643,24577415,4014231.582,
crypto_market,perpetual_kline_1h,ADA-USDT,1H,2026-07-15T06:00:00Z,venue:binance,0.1644,0.1654,0.164,0.1641,28129487,4630367.9227,
crypto_market,perpetual_kline_1h,ADA-USDT,1H,2026-07-15T07:00:00Z,venue:binance,0.1642,0.1642,0.1625,0.163,24250723,3960537.3752,
crypto_market,perpetual_kline_1h,ADA-USDT,1H,2026-07-15T08:00:00Z,venue:binance,0.163,0.1637,0.1626,0.1636,19840001,3237412.7292,5.814e-05
crypto_market,perpetual_kline_1h,ADA-USDT,1H,2026-07-15T09:00:00Z,venue:binance,0.1636,0.1654,0.1634,0.164,33345253,5485414.6647,
crypto_market,perpetual_kline_1h,ADA-USDT,1H,2026-07-15T10:00:00Z,venue:binance,0.164,0.1647,0.1638,0.1643,42978266,7061273.6453,
crypto_market,perpetual_kline_1h,ADA-USDT,1H,2026-07-15T11:00:00Z,venue:binance,0.1644,0.1654,0.1642,0.1645,51816812,8533932.9999,
crypto_market,perpetual_kline_1h,ADA-USDT,1H,2026-07-15T12:00:00Z,venue:binance,0.1646,0.167,0.164,0.1668,58758121,9721081.8399,
crypto_market,perpetual_kline_1h,ADA-USDT,1H,2026-07-15T13:00:00Z,venue:binance,0.1669,0.1693,0.1656,0.1662,111916136,18760684.0903,
crypto_market,perpetual_kline_1h,ADA-USDT,1H,2026-07-15T14:00:00Z,venue:binance,0.1662,0.1669,0.1652,0.1664,40376903,6710849.1208,
crypto_market,perpetual_kline_1h,ADA-USDT,1H,2026-07-15T15:00:00Z,venue:binance,0.1664,0.1665,0.1654,0.1655,35467952,5883756.4631,
crypto_market,perpetual_kline_1h,ADA-USDT,1H,2026-07-15T16:00:00Z,venue:binance,0.1655,0.1658,0.1623,0.1635,76954130,12598904.4745,-1.711e-05
crypto_market,perpetual_kline_1h,ADA-USDT,1H,2026-07-15T17:00:00Z,venue:binance,0.1634,0.1652,0.1633,0.1647,28439854,4671661.6856,
crypto_market,perpetual_kline_1h,ADA-USDT,1H,2026-07-15T18:00:00Z,venue:binance,0.1646,0.1654,0.1634,0.1637,28892975,4753278.2519000005,
crypto_market,perpetual_kline_1h,ADA-USDT,1H,2026-07-15T19:00:00Z,venue:binance,0.1636,0.1644,0.1629,0.1635,28290254,4630647.3557,
crypto_market,perpetual_kline_1h,ADA-USDT,1H,2026-07-15T20:00:00Z,venue:binance,0.1635,0.1651,0.1633,0.1644,24560651,4036101.6086,
crypto_market,perpetual_kline_1h,ADA-USDT,1H,2026-07-15T21:00:00Z,venue:binance,0.1645,0.1649,0.1638,0.1645,14093748,2316917.4052,
crypto_market,perpetual_kline_1h,ADA-USDT,1H,2026-07-15T22:00:00Z,venue:binance,0.1645,0.1655,0.1642,0.1652,24836311,4095846.1032,
crypto_market,perpetual_kline_1h,ADA-USDT,1H,2026-07-15T23:00:00Z,venue:binance,0.1652,0.1661,0.1648,0.165,21363533,3534416.8346,
crypto_market,perpetual_kline_1h,AVAX-USDT,1H,2026-07-15T00:00:00Z,venue:binance,6.71,6.755,6.662,6.675,607771,4077497.737,0.0001
crypto_market,perpetual_kline_1h,AVAX-USDT,1H,2026-07-15T01:00:00Z,venue:binance,6.674,6.688,6.636,6.641,304922,2032539.6,
crypto_market,perpetual_kline_1h,AVAX-USDT,1H,2026-07-15T02:00:00Z,venue:binance,6.641,6.644,6.605,6.608,253169,1676612.955,
crypto_market,perpetual_kline_1h,AVAX-USDT,1H,2026-07-15T03:00:00Z,venue:binance,6.607,6.665,6.603,6.652,262324,1738922.89,
crypto_market,perpetual_kline_1h,AVAX-USDT,1H,2026-07-15T04:00:00Z,venue:binance,6.653,6.67,6.631,6.659,272717,1814107.221,
crypto_market,perpetual_kline_1h,AVAX-USDT,1H,2026-07-15T05:00:00Z,venue:binance,6.659,6.686,6.629,6.683,289653,1927439.741,
crypto_market,perpetual_kline_1h,AVAX-USDT,1H,2026-07-15T06:00:00Z,venue:binance,6.683,6.73,6.677,6.682,490482,3286820.616,
crypto_market,perpetual_kline_1h,AVAX-USDT,1H,2026-07-15T07:00:00Z,venue:binance,6.681,6.681,6.606,6.617,479084,3179210.933,
crypto_market,perpetual_kline_1h,AVAX-USDT,1H,2026-07-15T08:00:00Z,venue:binance,6.618,6.655,6.608,6.648,483455,3204250.523,7.216e-05
crypto_market,perpetual_kline_1h,AVAX-USDT,1H,2026-07-15T09:00:00Z,venue:binance,6.648,6.686,6.648,6.66,310713,2071774.837,
crypto_market,perpetual_kline_1h,AVAX-USDT,1H,2026-07-15T10:00:00Z,venue:binance,6.66,6.68,6.649,6.651,225149,1499885.905,
crypto_market,perpetual_kline_1h,AVAX-USDT,1H,2026-07-15T11:00:00Z,venue:binance,6.652,6.684,6.649,6.664,240590,1603128.051,
crypto_market,perpetual_kline_1h,AVAX-USDT,1H,2026-07-15T12:00:00Z,venue:binance,6.665,6.758,6.653,6.742,754373,5060048.604,
crypto_market,perpetual_kline_1h,AVAX-USDT,1H,2026-07-15T13:00:00Z,venue:binance,6.742,6.771,6.672,6.696,1095658,7372550.979999999,
crypto_market,perpetual_kline_1h,AVAX-USDT,1H,2026-07-15T14:00:00Z,venue:binance,6.697,6.721,6.663,6.702,493503,3304627.682,
crypto_market,perpetual_kline_1h,AVAX-USDT,1H,2026-07-15T15:00:00Z,venue:binance,6.703,6.738,6.684,6.724,702509,4713896.295,
crypto_market,perpetual_kline_1h,AVAX-USDT,1H,2026-07-15T16:00:00Z,venue:binance,6.725,6.738,6.644,6.693,829554,5550873.4290000005,8.998e-05
crypto_market,perpetual_kline_1h,AVAX-USDT,1H,2026-07-15T17:00:00Z,venue:binance,6.693,6.728,6.688,6.723,352118,2362312.837,
crypto_market,perpetual_kline_1h,AVAX-USDT,1H,2026-07-15T18:00:00Z,venue:binance,6.722,6.745,6.69,6.695,424131,2852669.143,
crypto_market,perpetual_kline_1h,AVAX-USDT,1H,2026-07-15T19:00:00Z,venue:binance,6.694,6.709,6.682,6.691,339322,2272469.315,
crypto_market,perpetual_kline_1h,AVAX-USDT,1H,2026-07-15T20:00:00Z,venue:binance,6.692,6.732,6.687,6.695,262679,1761922.239,
crypto_market,perpetual_kline_1h,AVAX-USDT,1H,2026-07-15T21:00:00Z,venue:binance,6.694,6.709,6.671,6.681,180360,1205929.661,
crypto_market,perpetual_kline_1h,AVAX-USDT,1H,2026-07-15T22:00:00Z,venue:binance,6.681,6.716,6.669,6.693,264671,1770115.243,
crypto_market,perpetual_kline_1h,AVAX-USDT,1H,2026-07-15T23:00:00Z,venue:binance,6.692,6.717,6.684,6.698,189973,1273109.031,
crypto_market,perpetual_kline_1h,BNB-USDT,1H,2026-07-15T00:00:00Z,venue:binance,582.23,583.56,581.69,582.65,12306.63,7170824.7925,0.00012457
crypto_market,perpetual_kline_1h,BNB-USDT,1H,2026-07-15T01:00:00Z,venue:binance,582.64,582.64,580.33,580.51,9740.05,5661703.0436,
crypto_market,perpetual_kline_1h,BNB-USDT,1H,2026-07-15T02:00:00Z,venue:binance,580.5,581.58,579.57,580.39,8801.68,5109637.4787,
crypto_market,perpetual_kline_1h,BNB-USDT,1H,2026-07-15T03:00:00Z,venue:binance,580.39,581.73,580.06,581.14,10077.13,5854903.4173,
crypto_market,perpetual_kline_1h,BNB-USDT,1H,2026-07-15T04:00:00Z,venue:binance,581.13,581.66,577.54,580.07,18390.31,10657749.4752,
crypto_market,perpetual_kline_1h,BNB-USDT,1H,2026-07-15T05:00:00Z,venue:binance,580.08,581.17,579.1,580.95,18422.59,10679317.6498,
crypto_market,perpetual_kline_1h,BNB-USDT,1H,2026-07-15T06:00:00Z,venue:binance,580.94,582.71,580.11,580.16,18154.32,10554869.089,
crypto_market,perpetual_kline_1h,BNB-USDT,1H,2026-07-15T07:00:00Z,venue:binance,580.17,580.59,576.8,576.84,22222.48,12854111.7475,
crypto_market,perpetual_kline_1h,BNB-USDT,1H,2026-07-15T08:00:00Z,venue:binance,576.85,578.08,576.19,577.58,22043.07,12718239.8806,0.00013454
crypto_market,perpetual_kline_1h,BNB-USDT,1H,2026-07-15T09:00:00Z,venue:binance,577.58,578.33,576.99,577.48,15339.71,8861216.881000001,
crypto_market,perpetual_kline_1h,BNB-USDT,1H,2026-07-15T10:00:00Z,venue:binance,577.48,579.15,577.29,579.06,9398.59,5437221.5318,
crypto_market,perpetual_kline_1h,BNB-USDT,1H,2026-07-15T11:00:00Z,venue:binance,579.07,579.41,578.13,579.3,7600.21,4400106.8016,
crypto_market,perpetual_kline_1h,BNB-USDT,1H,2026-07-15T12:00:00Z,venue:binance,579.3,585.0,577.51,582.97,37144.33,21599682.2456,
crypto_market,perpetual_kline_1h,BNB-USDT,1H,2026-07-15T13:00:00Z,venue:binance,582.97,585.77,581.4,582.9,43221.12,25223327.6328,
crypto_market,perpetual_kline_1h,BNB-USDT,1H,2026-07-15T14:00:00Z,venue:binance,582.91,584.18,580.57,582.05,28804.6,16772492.2437,
crypto_market,perpetual_kline_1h,BNB-USDT,1H,2026-07-15T15:00:00Z,venue:binance,582.05,582.79,580.76,582.08,14893.43,8664774.1491,
crypto_market,perpetual_kline_1h,BNB-USDT,1H,2026-07-15T16:00:00Z,venue:binance,582.09,582.2,576.9,578.99,28794.39,16674758.543,8.756e-05
crypto_market,perpetual_kline_1h,BNB-USDT,1H,2026-07-15T17:00:00Z,venue:binance,578.99,581.2,578.72,580.45,13782.14,7994205.2469,
crypto_market,perpetual_kline_1h,BNB-USDT,1H,2026-07-15T18:00:00Z,venue:binance,580.44,582.35,579.84,580.16,13350.92,7760659.8765,
crypto_market,perpetual_kline_1h,BNB-USDT,1H,2026-07-15T19:00:00Z,venue:binance,580.15,580.79,579.0,579.94,6142.18,3563366.184,
crypto_market,perpetual_kline_1h,BNB-USDT,1H,2026-07-15T20:00:00Z,venue:binance,579.93,581.73,579.67,581.23,5589.06,3246532.5824,
crypto_market,perpetual_kline_1h,BNB-USDT,1H,2026-07-15T21:00:00Z,venue:binance,581.22,581.73,580.86,581.53,5632.59,3274263.0925,
crypto_market,perpetual_kline_1h,BNB-USDT,1H,2026-07-15T22:00:00Z,venue:binance,581.52,582.4,580.96,581.47,6272.82,3648000.9823,
crypto_market,perpetual_kline_1h,BNB-USDT,1H,2026-07-15T23:00:00Z,venue:binance,581.47,582.05,580.31,581.03,7111.67,4132533.0539,
crypto_market,perpetual_kline_1h,BTC-USDT,1H,2026-07-15T00:00:00Z,venue:binance,65014.6,65043.3,64743.6,64798.1,4489.662,291260853.7614,0.0001
crypto_market,perpetual_kline_1h,BTC-USDT,1H,2026-07-15T01:00:00Z,venue:binance,64798.1,64830.2,64618.8,64643.7,3480.114,225192393.8365,
crypto_market,perpetual_kline_1h,BTC-USDT,1H,2026-07-15T02:00:00Z,venue:binance,64643.7,64732.6,64456.7,64473.0,3174.884,204927664.3184,
crypto_market,perpetual_kline_1h,BTC-USDT,1H,2026-07-15T03:00:00Z,venue:binance,64473.1,64820.1,64473.0,64760.8,2866.928,185373608.7525,
crypto_market,perpetual_kline_1h,BTC-USDT,1H,2026-07-15T04:00:00Z,venue:binance,64760.9,64868.0,64686.6,64723.5,2176.426,140985278.8657,
crypto_market,perpetual_kline_1h,BTC-USDT,1H,2026-07-15T05:00:00Z,venue:binance,64723.6,64941.7,64580.0,64920.5,2716.995,175883868.9139,
crypto_market,perpetual_kline_1h,BTC-USDT,1H,2026-07-15T06:00:00Z,venue:binance,64920.5,65260.0,64784.7,64784.7,8661.145,563221809.3933,
crypto_market,perpetual_kline_1h,BTC-USDT,1H,2026-07-15T07:00:00Z,venue:binance,64784.8,64850.0,64450.9,64528.0,6827.282,441139628.6091,
crypto_market,perpetual_kline_1h,BTC-USDT,1H,2026-07-15T08:00:00Z,venue:binance,64528.0,64785.8,64528.0,64745.0,3889.073,251427366.9281,0.0001
crypto_market,perpetual_kline_1h,BTC-USDT,1H,2026-07-15T09:00:00Z,venue:binance,64744.9,64899.9,64626.2,64644.6,3146.199,203786245.6668,
crypto_market,perpetual_kline_1h,BTC-USDT,1H,2026-07-15T10:00:00Z,venue:binance,64644.6,64826.8,64582.7,64633.0,2611.385,168912790.9394,
crypto_market,perpetual_kline_1h,BTC-USDT,1H,2026-07-15T11:00:00Z,venue:binance,64633.0,64728.7,64585.6,64707.5,1873.463,121146338.1558,
crypto_market,perpetual_kline_1h,BTC-USDT,1H,2026-07-15T12:00:00Z,venue:binance,64707.4,65241.3,64568.8,65133.7,12263.474,795838971.2457,
crypto_market,perpetual_kline_1h,BTC-USDT,1H,2026-07-15T13:00:00Z,venue:binance,65133.7,65550.5,64852.5,65090.2,18067.99,1179423648.0364,
crypto_market,perpetual_kline_1h,BTC-USDT,1H,2026-07-15T14:00:00Z,venue:binance,65090.2,65497.0,65033.5,65364.8,10429.982,680937670.9553,
crypto_market,perpetual_kline_1h,BTC-USDT,1H,2026-07-15T15:00:00Z,venue:binance,65364.8,65589.7,65230.0,65391.6,7683.692,502612907.0317,
crypto_market,perpetual_kline_1h,BTC-USDT,1H,2026-07-15T16:00:00Z,venue:binance,65391.5,65438.0,64752.0,65089.5,14894.086,968547770.8818,4.457e-05
crypto_market,perpetual_kline_1h,BTC-USDT,1H,2026-07-15T17:00:00Z,venue:binance,65089.6,65148.2,64939.5,65023.1,8953.781,582313076.8968,
crypto_market,perpetual_kline_1h,BTC-USDT,1H,2026-07-15T18:00:00Z,venue:binance,65023.1,65130.0,64817.1,64837.4,3429.166,222862977.9524,
crypto_market,perpetual_kline_1h,BTC-USDT,1H,2026-07-15T19:00:00Z,venue:binance,64837.4,64967.9,64708.0,64942.0,2826.502,183299698.94,
crypto_market,perpetual_kline_1h,BTC-USDT,1H,2026-07-15T20:00:00Z,venue:binance,64942.1,65030.5,64869.8,64939.9,1207.369,78429427.9175,
crypto_market,perpetual_kline_1h,BTC-USDT,1H,2026-07-15T21:00:00Z,venue:binance,64939.9,64985.9,64756.7,64800.0,1958.445,126975118.9475,
crypto_market,perpetual_kline_1h,BTC-USDT,1H,2026-07-15T22:00:00Z,venue:binance,64800.0,64949.7,64739.0,64831.5,2140.517,138800750.2988,
crypto_market,perpetual_kline_1h,BTC-USDT,1H,2026-07-15T23:00:00Z,venue:binance,64831.6,64912.5,64660.0,64721.4,2455.054,158978086.1172,
crypto_market,perpetual_kline_1h,DOGE-USDT,1H,2026-07-15T00:00:00Z,venue:binance,0.07442,0.0745,0.07393,0.0741,140267218,10408899.76435,7.995e-05
crypto_market,perpetual_kline_1h,DOGE-USDT,1H,2026-07-15T01:00:00Z,venue:binance,0.07409,0.07417,0.07383,0.074,83257510,6161316.64512,
crypto_market,perpetual_kline_1h,DOGE-USDT,1H,2026-07-15T02:00:00Z,venue:binance,0.07399,0.07408,0.07361,0.07372,112934022,8339303.38647,
crypto_market,perpetual_kline_1h,DOGE-USDT,1H,2026-07-15T03:00:00Z,venue:binance,0.07372,0.07417,0.07367,0.074,114518729,8469384.8925,
crypto_market,perpetual_kline_1h,DOGE-USDT,1H,2026-07-15T04:00:00Z,venue:binance,0.07399,0.07419,0.07377,0.07406,80972806,5993649.18699,
crypto_market,perpetual_kline_1h,DOGE-USDT,1H,2026-07-15T05:00:00Z,venue:binance,0.07406,0.07452,0.0738,0.07439,96716513,7164674.93934,
crypto_market,perpetual_kline_1h,DOGE-USDT,1H,2026-07-15T06:00:00Z,venue:binance,0.07439,0.0749,0.07432,0.07439,168422673,12556267.01061,
crypto_market,perpetual_kline_1h,DOGE-USDT,1H,2026-07-15T07:00:00Z,venue:binance,0.07439,0.0744,0.07383,0.07396,141438907,10479146.77519,
crypto_market,perpetual_kline_1h,DOGE-USDT,1H,2026-07-15T08:00:00Z,venue:binance,0.07396,0.07426,0.07388,0.07416,108765388,8058849.3132,9.404e-05
crypto_market,perpetual_kline_1h,DOGE-USDT,1H,2026-07-15T09:00:00Z,venue:binance,0.07417,0.07449,0.0734,0.07368,299312907,22115691.84465,
crypto_market,perpetual_kline_1h,DOGE-USDT,1H,2026-07-15T10:00:00Z,venue:binance,0.07367,0.07387,0.0736,0.07376,102129608,7531538.86792,
crypto_market,perpetual_kline_1h,DOGE-USDT,1H,2026-07-15T11:00:00Z,venue:binance,0.07376,0.07385,0.07353,0.07382,94899880,6995179.07506,
crypto_market,perpetual_kline_1h,DOGE-USDT,1H,2026-07-15T12:00:00Z,venue:binance,0.07383,0.07477,0.07363,0.07466,248019339,18416438.62144,
crypto_market,perpetual_kline_1h,DOGE-USDT,1H,2026-07-15T13:00:00Z,venue:binance,0.07467,0.07524,0.07425,0.07452,363729063,27210316.56513,
crypto_market,perpetual_kline_1h,DOGE-USDT,1H,2026-07-15T14:00:00Z,venue:binance,0.07453,0.07513,0.07445,0.07486,277440334,20753017.37819,
crypto_market,perpetual_kline_1h,DOGE-USDT,1H,2026-07-15T15:00:00Z,venue:binance,0.07486,0.07497,0.07427,0.07459,205114962,15291653.35515,
crypto_market,perpetual_kline_1h,DOGE-USDT,1H,2026-07-15T16:00:00Z,venue:binance,0.07459,0.07465,0.07329,0.07391,386088372,28526682.37305,9.641e-05
crypto_market,perpetual_kline_1h,DOGE-USDT,1H,2026-07-15T17:00:00Z,venue:binance,0.0739,0.07437,0.07377,0.07421,150556540,11153972.60186,
crypto_market,perpetual_kline_1h,DOGE-USDT,1H,2026-07-15T18:00:00Z,venue:binance,0.07421,0.07475,0.07393,0.07403,159610297,11869616.06284,
crypto_market,perpetual_kline_1h,DOGE-USDT,1H,2026-07-15T19:00:00Z,venue:binance,0.07402,0.07415,0.07363,0.0738,83197835,6145431.61445,
crypto_market,perpetual_kline_1h,DOGE-USDT,1H,2026-07-15T20:00:00Z,venue:binance,0.0738,0.07411,0.07371,0.074,64634672,4779772.98029,
crypto_market,perpetual_kline_1h,DOGE-USDT,1H,2026-07-15T21:00:00Z,venue:binance,0.07399,0.07415,0.0739,0.07401,48107815,3561722.32942,
crypto_market,perpetual_kline_1h,DOGE-USDT,1H,2026-07-15T22:00:00Z,venue:binance,0.074,0.07424,0.07387,0.07402,47268485,3499818.82608,
crypto_market,perpetual_kline_1h,DOGE-USDT,1H,2026-07-15T23:00:00Z,venue:binance,0.07401,0.07415,0.07393,0.07405,34613519,2563607.74217,
crypto_market,perpetual_kline_1h,DOT-USDT,1H,2026-07-15T00:00:00Z,venue:binance,0.851,0.857,0.851,0.854,1834643.4,1566830.676,-5.611e-05
crypto_market,perpetual_kline_1h,DOT-USDT,1H,2026-07-15T01:00:00Z,venue:binance,0.855,0.859,0.853,0.857,1456832.1,1247404.6057,
crypto_market,perpetual_kline_1h,DOT-USDT,1H,2026-07-15T02:00:00Z,venue:binance,0.857,0.858,0.851,0.851,1275247.5,1090713.9743,
crypto_market,perpetual_kline_1h,DOT-USDT,1H,2026-07-15T03:00:00Z,venue:binance,0.852,0.856,0.849,0.854,1093476.5,931461.6962,
crypto_market,perpetual_kline_1h,DOT-USDT,1H,2026-07-15T04:00:00Z,venue:binance,0.854,0.855,0.849,0.852,891358.6,759403.8523,
crypto_market,perpetual_kline_1h,DOT-USDT,1H,2026-07-15T05:00:00Z,venue:binance,0.852,0.855,0.846,0.855,1246587.6,1059197.3421,
crypto_market,perpetual_kline_1h,DOT-USDT,1H,2026-07-15T06:00:00Z,venue:binance,0.855,0.861,0.853,0.856,2121478.4,1818007.2587,
crypto_market,perpetual_kline_1h,DOT-USDT,1H,2026-07-15T07:00:00Z,venue:binance,0.856,0.857,0.85,0.852,1745502.0,1490197.4767,
crypto_market,perpetual_kline_1h,DOT-USDT,1H,2026-07-15T08:00:00Z,venue:binance,0.853,0.854,0.849,0.853,1073012.4,913370.2347,0.0001
crypto_market,perpetual_kline_1h,DOT-USDT,1H,2026-07-15T09:00:00Z,venue:binance,0.853,0.856,0.849,0.851,1284045.0,1094755.9236,
crypto_market,perpetual_kline_1h,DOT-USDT,1H,2026-07-15T10:00:00Z,venue:binance,0.851,0.854,0.849,0.85,1236848.6,1052185.1262,
crypto_market,perpetual_kline_1h,DOT-USDT,1H,2026-07-15T11:00:00Z,venue:binance,0.851,0.853,0.848,0.851,907420.6,771320.5377,
crypto_market,perpetual_kline_1h,DOT-USDT,1H,2026-07-15T12:00:00Z,venue:binance,0.851,0.864,0.849,0.862,4088112.5,3498679.1829,
crypto_market,perpetual_kline_1h,DOT-USDT,1H,2026-07-15T13:00:00Z,venue:binance,0.862,0.868,0.856,0.86,5290376.2,4564372.7495,
crypto_market,perpetual_kline_1h,DOT-USDT,1H,2026-07-15T14:00:00Z,venue:binance,0.86,0.862,0.854,0.859,1999627.4,1716531.9199,
crypto_market,perpetual_kline_1h,DOT-USDT,1H,2026-07-15T15:00:00Z,venue:binance,0.859,0.86,0.854,0.856,2085026.3,1787090.2635,
crypto_market,perpetual_kline_1h,DOT-USDT,1H,2026-07-15T16:00:00Z,venue:binance,0.855,0.856,0.841,0.848,6531720.2,5533732.604,0.0001
crypto_market,perpetual_kline_1h,DOT-USDT,1H,2026-07-15T17:00:00Z,venue:binance,0.847,0.854,0.846,0.854,1602034.5,1361276.662,
crypto_market,perpetual_kline_1h,DOT-USDT,1H,2026-07-15T18:00:00Z,venue:binance,0.854,0.857,0.851,0.853,1599902.3,1366363.2514,
crypto_market,perpetual_kline_1h,DOT-USDT,1H,2026-07-15T19:00:00Z,venue:binance,0.853,0.857,0.837,0.84,3716701.6,3137920.9031,
crypto_market,perpetual_kline_1h,DOT-USDT,1H,2026-07-15T20:00:00Z,venue:binance,0.839,0.848,0.839,0.845,1797007.2,1516932.3714,
crypto_market,perpetual_kline_1h,DOT-USDT,1H,2026-07-15T21:00:00Z,venue:binance,0.845,0.847,0.844,0.845,963215.5,814153.939,
crypto_market,perpetual_kline_1h,DOT-USDT,1H,2026-07-15T22:00:00Z,venue:binance,0.845,0.85,0.845,0.846,1162761.3,984616.0317,
crypto_market,perpetual_kline_1h,DOT-USDT,1H,2026-07-15T23:00:00Z,venue:binance,0.846,0.848,0.844,0.847,714286.1,604685.2031,
crypto_market,perpetual_kline_1h,ETH-USDT,1H,2026-07-15T00:00:00Z,venue:binance,1891.12,1892.5,1877.02,1880.71,139598.737,262804627.78461,3.834e-05
crypto_market,perpetual_kline_1h,ETH-USDT,1H,2026-07-15T01:00:00Z,venue:binance,1880.7,1881.24,1865.59,1869.33,164176.284,307250261.38677,
crypto_market,perpetual_kline_1h,ETH-USDT,1H,2026-07-15T02:00:00Z,venue:binance,1869.34,1872.36,1863.32,1863.62,89162.98,166457145.57563,
crypto_market,perpetual_kline_1h,ETH-USDT,1H,2026-07-15T03:00:00Z,venue:binance,1863.63,1878.33,1863.5,1875.32,116310.434,217671709.54207,
crypto_market,perpetual_kline_1h,ETH-USDT,1H,2026-07-15T04:00:00Z,venue:binance,1875.31,1879.85,1872.38,1875.65,73548.757,138003809.88202,
crypto_market,perpetual_kline_1h,ETH-USDT,1H,2026-07-15T05:00:00Z,venue:binance,1875.65,1882.86,1870.53,1881.71,89876.568,168566307.73787,
crypto_market,perpetual_kline_1h,ETH-USDT,1H,2026-07-15T06:00:00Z,venue:binance,1881.72,1891.54,1874.16,1874.82,243302.098,458572724.16458,
crypto_market,perpetual_kline_1h,ETH-USDT,1H,2026-07-15T07:00:00Z,venue:binance,1874.81,1876.37,1863.57,1869.13,198028.788,370203026.49233,
crypto_market,perpetual_kline_1h,ETH-USDT,1H,2026-07-15T08:00:00Z,venue:binance,1869.13,1878.9,1869.08,1878.29,91108.831,170785988.70624,5.006e-05
crypto_market,perpetual_kline_1h,ETH-USDT,1H,2026-07-15T09:00:00Z,venue:binance,1878.3,1885.66,1878.09,1879.08,120807.873,227283237.25262,
crypto_market,perpetual_kline_1h,ETH-USDT,1H,2026-07-15T10:00:00Z,venue:binance,1879.08,1885.63,1874.0,1877.17,91050.265,171118996.06864,
crypto_market,perpetual_kline_1h,ETH-USDT,1H,2026-07-15T11:00:00Z,venue:binance,1877.17,1885.0,1876.51,1883.64,78897.15,148387994.09396,
crypto_market,perpetual_kline_1h,ETH-USDT,1H,2026-07-15T12:00:00Z,venue:binance,1883.63,1929.75,1878.47,1926.73,730267.548,1392166107.13953,
crypto_market,perpetual_kline_1h,ETH-USDT,1H,2026-07-15T13:00:00Z,venue:binance,1926.73,1946.75,1916.4,1924.7,911972.327,1763310131.09962,
crypto_market,perpetual_kline_1h,ETH-USDT,1H,2026-07-15T14:00:00Z,venue:binance,1924.7,1934.87,1918.16,1932.48,339456.697,654551311.31118,
crypto_market,perpetual_kline_1h,ETH-USDT,1H,2026-07-15T15:00:00Z,venue:binance,1932.48,1938.0,1924.67,1930.97,208421.589,402640431.40307,
crypto_market,perpetual_kline_1h,ETH-USDT,1H,2026-07-15T16:00:00Z,venue:binance,1930.97,1932.09,1903.37,1918.82,381316.986,730414602.96937,8.736e-05
crypto_market,perpetual_kline_1h,ETH-USDT,1H,2026-07-15T17:00:00Z,venue:binance,1918.83,1930.8,1918.52,1927.18,153939.536,296102492.24437,
crypto_market,perpetual_kline_1h,ETH-USDT,1H,2026-07-15T18:00:00Z,venue:binance,1927.19,1936.51,1921.88,1923.82,168983.458,326161833.15761,
crypto_market,perpetual_kline_1h,ETH-USDT,1H,2026-07-15T19:00:00Z,venue:binance,1923.81,1928.47,1918.2,1923.2,106273.02,204430406.28464,
crypto_market,perpetual_kline_1h,ETH-USDT,1H,2026-07-15T20:00:00Z,venue:binance,1923.2,1930.0,1918.64,1922.65,63674.742,122504105.9274,
crypto_market,perpetual_kline_1h,ETH-USDT,1H,2026-07-15T21:00:00Z,venue:binance,1922.66,1924.99,1918.67,1921.29,35622.004,68451132.57941,
crypto_market,perpetual_kline_1h,ETH-USDT,1H,2026-07-15T22:00:00Z,venue:binance,1921.28,1927.34,1917.3,1922.46,73439.19499999999,141190570.67089,
crypto_market,perpetual_kline_1h,ETH-USDT,1H,2026-07-15T23:00:00Z,venue:binance,1922.47,1926.28,1913.91,1916.91,83112.091,159434449.7401,
crypto_market,perpetual_kline_1h,LINK-USDT,1H,2026-07-15T00:00:00Z,venue:binance,8.343,8.355,8.302,8.35,301423.48,2509677.3697,0.0001
crypto_market,perpetual_kline_1h,LINK-USDT,1H,2026-07-15T01:00:00Z,venue:binance,8.351,8.353,8.302,8.31,272588.05,2269013.54081,
crypto_market,perpetual_kline_1h,LINK-USDT,1H,2026-07-15T02:00:00Z,venue:binance,8.31,8.31,8.264,8.273,198385.08,1643130.25034,
crypto_market,perpetual_kline_1h,LINK-USDT,1H,2026-07-15T03:00:00Z,venue:binance,8.273,8.334,8.264,8.317,366080.03,3035940.59105,
crypto_market,perpetual_kline_1h,LINK-USDT,1H,2026-07-15T04:00:00Z,venue:binance,8.317,8.357,8.309,8.326,339454.54,2830202.4388200003,
crypto_market,perpetual_kline_1h,LINK-USDT,1H,2026-07-15T05:00:00Z,venue:binance,8.327,8.384,8.311,8.381,190342.67,1586790.7748,
crypto_market,perpetual_kline_1h,LINK-USDT,1H,2026-07-15T06:00:00Z,venue:binance,8.38,8.407,8.359,8.359,415365.36,3483977.31246,
crypto_market,perpetual_kline_1h,LINK-USDT,1H,2026-07-15T07:00:00Z,venue:binance,8.36,8.364,8.306,8.329,287131.26,2392866.2909,
crypto_market,perpetual_kline_1h,LINK-USDT,1H,2026-07-15T08:00:00Z,venue:binance,8.33,8.396,8.325,8.376,488305.19,4082980.72209,0.0001
crypto_market,perpetual_kline_1h,LINK-USDT,1H,2026-07-15T09:00:00Z,venue:binance,8.376,8.435,8.362,8.366,425923.42,3576461.2431300003,
crypto_market,perpetual_kline_1h,LINK-USDT,1H,2026-07-15T10:00:00Z,venue:binance,8.366,8.381,8.326,8.33,505033.26,4217662.60526,
crypto_market,perpetual_kline_1h,LINK-USDT,1H,2026-07-15T11:00:00Z,venue:binance,8.329,8.428,8.325,8.42,486346.85,4072915.623,
crypto_market,perpetual_kline_1h,LINK-USDT,1H,2026-07-15T12:00:00Z,venue:binance,8.42,8.573,8.397,8.573,1174927.24,9952085.12093,
crypto_market,perpetual_kline_1h,LINK-USDT,1H,2026-07-15T13:00:00Z,venue:binance,8.572,8.632,8.48,8.506,1215613.0,10418455.78464,
crypto_market,perpetual_kline_1h,LINK-USDT,1H,2026-07-15T14:00:00Z,venue:binance,8.507,8.556,8.485,8.554,692119.7,5902924.10051,
crypto_market,perpetual_kline_1h,LINK-USDT,1H,2026-07-15T15:00:00Z,venue:binance,8.554,8.612,8.537,8.549,515454.04,4416479.79651,
crypto_market,perpetual_kline_1h,LINK-USDT,1H,2026-07-15T16:00:00Z,venue:binance,8.55,8.556,8.42,8.475,913862.97,7749761.62364,0.0001
crypto_market,perpetual_kline_1h,LINK-USDT,1H,2026-07-15T17:00:00Z,venue:binance,8.475,8.565,8.473,8.542,479275.42,4081721.77247,
crypto_market,perpetual_kline_1h,LINK-USDT,1H,2026-07-15T18:00:00Z,venue:binance,8.541,8.56,8.488,8.5,269928.68,2303302.5849,
crypto_market,perpetual_kline_1h,LINK-USDT,1H,2026-07-15T19:00:00Z,venue:binance,8.5,8.526,8.482,8.499,222311.66,1890931.3577,
crypto_market,perpetual_kline_1h,LINK-USDT,1H,2026-07-15T20:00:00Z,venue:binance,8.5,8.535,8.484,8.509,187158.87,1593060.49553,
crypto_market,perpetual_kline_1h,LINK-USDT,1H,2026-07-15T21:00:00Z,venue:binance,8.509,8.539,8.497,8.536,201305.94,1715142.90332,
crypto_market,perpetual_kline_1h,LINK-USDT,1H,2026-07-15T22:00:00Z,venue:binance,8.536,8.58,8.517,8.544,375395.49,3210304.75191,
crypto_market,perpetual_kline_1h,LINK-USDT,1H,2026-07-15T23:00:00Z,venue:binance,8.544,8.563,8.514,8.535,193276.65,1650428.5624,
crypto_market,perpetual_kline_1h,SOL-USDT,1H,2026-07-15T00:00:00Z,venue:binance,77.83,77.88,77.43,77.64,416541.08,32341063.1485,1.428e-05
crypto_market,perpetual_kline_1h,SOL-USDT,1H,2026-07-15T01:00:00Z,venue:binance,77.63,77.79,77.22,77.4,668342.67,51777773.036,
crypto_market,perpetual_kline_1h,SOL-USDT,1H,2026-07-15T02:00:00Z,venue:binance,77.4,77.55,76.98,77.26,950369.57,73358655.8998,
crypto_market,perpetual_kline_1h,SOL-USDT,1H,2026-07-15T03:00:00Z,venue:binance,77.27,77.86,77.17,77.73,458729.67,35570799.3294,
crypto_market,perpetual_kline_1h,SOL-USDT,1H,2026-07-15T04:00:00Z,venue:binance,77.73,78.15,77.49,77.97,640637.02,49889009.8026,
crypto_market,perpetual_kline_1h,SOL-USDT,1H,2026-07-15T05:00:00Z,venue:binance,77.97,78.33,77.61,78.23,747140.25,58238685.4055,
crypto_market,perpetual_kline_1h,SOL-USDT,1H,2026-07-15T06:00:00Z,venue:binance,78.22,78.68,77.9,77.9,1511031.23,118345860.7478,
crypto_market,perpetual_kline_1h,SOL-USDT,1H,2026-07-15T07:00:00Z,venue:binance,77.9,77.97,77.36,77.36,692366.73,53773044.8342,
crypto_market,perpetual_kline_1h,SOL-USDT,1H,2026-07-15T08:00:00Z,venue:binance,77.37,77.58,77.2,77.53,619833.97,47979452.3613,2.48e-05
crypto_market,perpetual_kline_1h,SOL-USDT,1H,2026-07-15T09:00:00Z,venue:binance,77.53,77.87,77.39,77.43,373204.69,28977607.7743,
crypto_market,perpetual_kline_1h,SOL-USDT,1H,2026-07-15T10:00:00Z,venue:binance,77.44,77.68,77.16,77.33,526463.66,40721197.4394,
crypto_market,perpetual_kline_1h,SOL-USDT,1H,2026-07-15T11:00:00Z,venue:binance,77.33,77.48,77.29,77.48,222192.41,17197509.7412,
crypto_market,perpetual_kline_1h,SOL-USDT,1H,2026-07-15T12:00:00Z,venue:binance,77.48,78.28,77.21,78.25,1213062.52,94349283.3731,
crypto_market,perpetual_kline_1h,SOL-USDT,1H,2026-07-15T13:00:00Z,venue:binance,78.25,79.01,77.64,78.05,2529896.42,198573427.3254,
crypto_market,perpetual_kline_1h,SOL-USDT,1H,2026-07-15T14:00:00Z,venue:binance,78.06,78.34,77.73,78.17,1121976.37,87568909.5905,
crypto_market,perpetual_kline_1h,SOL-USDT,1H,2026-07-15T15:00:00Z,venue:binance,78.18,78.22,77.7,78.03,896172.12,69927377.6927,
crypto_market,perpetual_kline_1h,SOL-USDT,1H,2026-07-15T16:00:00Z,venue:binance,78.03,78.09,77.02,77.59,1217367.85,94309018.5637,-6.87e-06
crypto_market,perpetual_kline_1h,SOL-USDT,1H,2026-07-15T17:00:00Z,venue:binance,77.59,78.0,77.45,77.78,588945.44,45769561.4413,
crypto_market,perpetual_kline_1h,SOL-USDT,1H,2026-07-15T18:00:00Z,venue:binance,77.77,78.04,77.46,77.55,489129.25,38060622.2794,
crypto_market,perpetual_kline_1h,SOL-USDT,1H,2026-07-15T19:00:00Z,venue:binance,77.55,77.66,76.86,77.14,729398.79,56309516.0016,
crypto_market,perpetual_kline_1h,SOL-USDT,1H,2026-07-15T20:00:00Z,venue:binance,77.14,77.5,77.06,77.35,334502.91,25860876.549,
crypto_market,perpetual_kline_1h,SOL-USDT,1H,2026-07-15T21:00:00Z,venue:binance,77.34,77.49,77.19,77.39,192463.74,14882989.6827,
crypto_market,perpetual_kline_1h,SOL-USDT,1H,2026-07-15T22:00:00Z,venue:binance,77.38,77.7,77.25,77.47,363283.53,28159246.7102,
crypto_market,perpetual_kline_1h,SOL-USDT,1H,2026-07-15T23:00:00Z,venue:binance,77.47,77.58,77.16,77.23,315773.84,24420856.7318,
crypto_market,perpetual_kline_1h,XRP-USDT,1H,2026-07-15T00:00:00Z,venue:binance,1.1112,1.1118,1.1062,1.1079,12660774.4,14036301.96309,7.03e-05
crypto_market,perpetual_kline_1h,XRP-USDT,1H,2026-07-15T01:00:00Z,venue:binance,1.1078,1.1081,1.1018,1.103,15332092.1,16941375.77926,
crypto_market,perpetual_kline_1h,XRP-USDT,1H,2026-07-15T02:00:00Z,venue:binance,1.1029,1.1038,1.0985,1.099,12185280.6,13407643.94163,
crypto_market,perpetual_kline_1h,XRP-USDT,1H,2026-07-15T03:00:00Z,venue:binance,1.099,1.1048,1.0989,1.1038,11146599.0,12280495.0498,
crypto_market,perpetual_kline_1h,XRP-USDT,1H,2026-07-15T04:00:00Z,venue:binance,1.1038,1.1061,1.1008,1.1028,9885927.2,10912283.87269,
crypto_market,perpetual_kline_1h,XRP-USDT,1H,2026-07-15T05:00:00Z,venue:binance,1.1028,1.1065,1.0992,1.1061,9189884.4,10128320.07224,
crypto_market,perpetual_kline_1h,XRP-USDT,1H,2026-07-15T06:00:00Z,venue:binance,1.1061,1.1133,1.1052,1.1069,28815731.8,31981586.64386,
crypto_market,perpetual_kline_1h,XRP-USDT,1H,2026-07-15T07:00:00Z,venue:binance,1.1069,1.1075,1.1012,1.1033,11219196.5,12390913.34725,
crypto_market,perpetual_kline_1h,XRP-USDT,1H,2026-07-15T08:00:00Z,venue:binance,1.1034,1.1088,1.1025,1.1074,12602673.9,13935832.89568,8.462e-05
crypto_market,perpetual_kline_1h,XRP-USDT,1H,2026-07-15T09:00:00Z,venue:binance,1.1074,1.1121,1.1072,1.1085,11326092.3,12568544.4147,
crypto_market,perpetual_kline_1h,XRP-USDT,1H,2026-07-15T10:00:00Z,venue:binance,1.1084,1.1098,1.1056,1.1079,9035327.1,10011460.77631,
crypto_market,perpetual_kline_1h,XRP-USDT,1H,2026-07-15T11:00:00Z,venue:binance,1.1079,1.109,1.1064,1.1078,11110567.7,12307655.53615,
crypto_market,perpetual_kline_1h,XRP-USDT,1H,2026-07-15T12:00:00Z,venue:binance,1.1078,1.1213,1.1049,1.1205,29541176.5,32895018.69553,
crypto_market,perpetual_kline_1h,XRP-USDT,1H,2026-07-15T13:00:00Z,venue:binance,1.1204,1.1288,1.1171,1.1212,55973321.5,62875907.01574,
crypto_market,perpetual_kline_1h,XRP-USDT,1H,2026-07-15T14:00:00Z,venue:binance,1.1213,1.1297,1.1177,1.1251,28950084.0,32550944.20536,
crypto_market,perpetual_kline_1h,XRP-USDT,1H,2026-07-15T15:00:00Z,venue:binance,1.125,1.1282,1.12,1.1256,19078964.8,21456508.76114,
crypto_market,perpetual_kline_1h,XRP-USDT,1H,2026-07-15T16:00:00Z,venue:binance,1.1256,1.1266,1.1071,1.1133,37437995.7,41753074.48554,2.785e-05
crypto_market,perpetual_kline_1h,XRP-USDT,1H,2026-07-15T17:00:00Z,venue:binance,1.1133,1.119,1.1107,1.1169,18765021.8,20924999.9859,
crypto_market,perpetual_kline_1h,XRP-USDT,1H,2026-07-15T18:00:00Z,venue:binance,1.1168,1.1209,1.1111,1.112,14161250.4,15815294.45733,
crypto_market,perpetual_kline_1h,XRP-USDT,1H,2026-07-15T19:00:00Z,venue:binance,1.1119,1.1143,1.1085,1.1094,13780790.2,15311904.06431,
crypto_market,perpetual_kline_1h,XRP-USDT,1H,2026-07-15T20:00:00Z,venue:binance,1.1094,1.1135,1.1077,1.1107,7069638.2,7853817.46524,
crypto_market,perpetual_kline_1h,XRP-USDT,1H,2026-07-15T21:00:00Z,venue:binance,1.1107,1.1155,1.1099,1.1149,10056069.1,11193807.38386,
crypto_market,perpetual_kline_1h,XRP-USDT,1H,2026-07-15T22:00:00Z,venue:binance,1.1149,1.1182,1.114,1.1155,8398526.5,9373718.31297,
crypto_market,perpetual_kline_1h,XRP-USDT,1H,2026-07-15T23:00:00Z,venue:binance,1.1155,1.1164,1.1116,1.1126,6866346.600000001,7645639.7172,
