space_id,dataset_id,subject_id,freq,data_time,series_tag,open,high,low,close,volume,quote_volume
crypto_market,spot_kline_1h,ADA-USDT,1H,2026-07-15T00:00:00Z,venue:binance,0.1656,0.1659,0.1644,0.1648,4520275.9,746594.98559
crypto_market,spot_kline_1h,ADA-USDT,1H,2026-07-15T01:00:00Z,venue:binance,0.1648,0.1649,0.1631,0.1636,2817015.8,462098.74299
crypto_market,spot_kline_1h,ADA-USDT,1H,2026-07-15T02:00:00Z,venue:binance,0.1637,0.1637,0.162,0.1627,4450401.7,724245.82787
crypto_market,spot_kline_1h,ADA-USDT,1H,2026-07-15T03:00:00Z,venue:binance,0.1628,0.1642,0.1625,0.1641,3562101.4,582643.14222
crypto_market,spot_kline_1h,ADA-USDT,1H,2026-07-15T04:00:00Z,venue:binance,0.1642,0.1645,0.1632,0.1636,5842004.3,956784.31389
crypto_market,spot_kline_1h,ADA-USDT,1H,2026-07-15T05:00:00Z,venue:binance,0.1637,0.1645,0.1629,0.1645,1988638.6,325146.62965
crypto_market,spot_kline_1h,ADA-USDT,1H,2026-07-15T06:00:00Z,venue:binance,0.1645,0.1656,0.1642,0.1642,4370207.3,720512.58222
crypto_market,spot_kline_1h,ADA-USDT,1H,2026-07-15T07:00:00Z,venue:binance,0.1642,0.1642,0.1626,0.1632,4595260.7,751207.0683500001
crypto_market,spot_kline_1h,ADA-USDT,1H,2026-07-15T08:00:00Z,venue:binance,0.1632,0.1639,0.1627,0.1637,1829003.8,298595.04658
crypto_market,spot_kline_1h,ADA-USDT,1H,2026-07-15T09:00:00Z,venue:binance,0.1638,0.1655,0.1637,0.1642,5947709.0,978970.21732
crypto_market,spot_kline_1h,ADA-USDT,1H,2026-07-15T10:00:00Z,venue:binance,0.1641,0.1648,0.164,0.1645,2032126.6,334205.42711
crypto_market,spot_kline_1h,ADA-USDT,1H,2026-07-15T11:00:00Z,venue:binance,0.1645,0.1655,0.1644,0.1646,4896342.2,807636.01883
crypto_market,spot_kline_1h,ADA-USDT,1H,2026-07-15T12:00:00Z,venue:binance,0.1646,0.1672,0.1642,0.167,9304281.7,1541669.30939
crypto_market,spot_kline_1h,ADA-USDT,1H,2026-07-15T13:00:00Z,venue:binance,0.167,0.1694,0.1658,0.1663,11672004.5,1958537.89221
crypto_market,spot_kline_1h,ADA-USDT,1H,2026-07-15T14:00:00Z,venue:binance,0.1664,0.167,0.1654,0.1665,5431287.0,903529.61064
crypto_market,spot_kline_1h,ADA-USDT,1H,2026-07-15T15:00:00Z,venue:binance,0.1666,0.1666,0.1654,0.1657,6782568.3,1125874.41213
crypto_market,spot_kline_1h,ADA-USDT,1H,2026-07-15T16:00:00Z,venue:binance,0.1658,0.1659,0.1625,0.1636,7280461.6,1193696.36396
crypto_market,spot_kline_1h,ADA-USDT,1H,2026-07-15T17:00:00Z,venue:binance,0.1636,0.1654,0.1635,0.1649,4022410.2,661550.40289
crypto_market,spot_kline_1h,ADA-USDT,1H,2026-07-15T18:00:00Z,venue:binance,0.1649,0.1655,0.1635,0.1637,3132896.5,515564.29628
crypto_market,spot_kline_1h,ADA-USDT,1H,2026-07-15T19:00:00Z,venue:binance,0.1638,0.1645,0.1631,0.1637,3746724.0,613773.11306
crypto_market,spot_kline_1h,ADA-USDT,1H,2026-07-15T20:00:00Z,venue:binance,0.1637,0.1653,0.1635,0.1646,4848184.100000001,797936.14832
crypto_market,spot_kline_1h,ADA-USDT,1H,2026-07-15T21:00:00Z,venue:binance,0.1645,0.1651,0.1641,0.1646,1638785.1,269636.71391
crypto_market,spot_kline_1h,ADA-USDT,1H,2026-07-15T22:00:00Z,venue:binance,0.1646,0.1656,0.1644,0.1654,3041530.0,502305.50649
crypto_market,spot_kline_1h,ADA-USDT,1H,2026-07-15T23:00:00Z,venue:binance,0.1655,0.1663,0.165,0.1651,3192709.7,528651.28688
crypto_market,spot_kline_1h,AVAX-USDT,1H,2026-07-15T00:00:00Z,venue:binance,6.713,6.757,6.665,6.678,90550.66,608161.10265
crypto_market,spot_kline_1h,AVAX-USDT,1H,2026-07-15T01:00:00Z,venue:binance,6.678,6.69,6.638,6.643,58916.98,392502.58038
crypto_market,spot_kline_1h,AVAX-USDT,1H,2026-07-15T02:00:00Z,venue:binance,6.642,6.646,6.609,6.61,30745.69,203740.17778
crypto_market,spot_kline_1h,AVAX-USDT,1H,2026-07-15T03:00:00Z,venue:binance,6.61,6.667,6.606,6.658,41400.85,274339.44624
crypto_market,spot_kline_1h,AVAX-USDT,1H,2026-07-15T04:00:00Z,venue:binance,6.657,6.672,6.636,6.661,37410.24,249028.743
crypto_market,spot_kline_1h,AVAX-USDT,1H,2026-07-15T05:00:00Z,venue:binance,6.662,6.69,6.635,6.685,24087.79,160345.05962
crypto_market,spot_kline_1h,AVAX-USDT,1H,2026-07-15T06:00:00Z,venue:binance,6.686,6.734,6.682,6.684,72824.77,488597.16299
crypto_market,spot_kline_1h,AVAX-USDT,1H,2026-07-15T07:00:00Z,venue:binance,6.685,6.685,6.609,6.621,35861.33,238284.04809
crypto_market,spot_kline_1h,AVAX-USDT,1H,2026-07-15T08:00:00Z,venue:binance,6.622,6.659,6.614,6.653,49991.48,331514.33904
crypto_market,spot_kline_1h,AVAX-USDT,1H,2026-07-15T09:00:00Z,venue:binance,6.652,6.689,6.652,6.663,26357.43,175880.49108
crypto_market,spot_kline_1h,AVAX-USDT,1H,2026-07-15T10:00:00Z,venue:binance,6.662,6.683,6.652,6.654,18376.47,122472.41472
crypto_market,spot_kline_1h,AVAX-USDT,1H,2026-07-15T11:00:00Z,venue:binance,6.655,6.687,6.653,6.669,31331.55,208955.30493
crypto_market,spot_kline_1h,AVAX-USDT,1H,2026-07-15T12:00:00Z,venue:binance,6.669,6.756,6.658,6.746,102937.2,691068.4781000001
crypto_market,spot_kline_1h,AVAX-USDT,1H,2026-07-15T13:00:00Z,venue:binance,6.746,6.773,6.677,6.7,152067.89,1024575.66405
crypto_market,spot_kline_1h,AVAX-USDT,1H,2026-07-15T14:00:00Z,venue:binance,6.701,6.725,6.667,6.707,83206.38,557797.98254
crypto_market,spot_kline_1h,AVAX-USDT,1H,2026-07-15T15:00:00Z,venue:binance,6.706,6.743,6.689,6.728,68113.12,457410.69081
crypto_market,spot_kline_1h,AVAX-USDT,1H,2026-07-15T16:00:00Z,venue:binance,6.728,6.741,6.647,6.697,94448.71,632244.36586
crypto_market,spot_kline_1h,AVAX-USDT,1H,2026-07-15T17:00:00Z,venue:binance,6.696,6.73,6.693,6.726,61671.09,414005.60927
crypto_market,spot_kline_1h,AVAX-USDT,1H,2026-07-15T18:00:00Z,venue:binance,6.726,6.749,6.694,6.697,62871.64,423114.49425
crypto_market,spot_kline_1h,AVAX-USDT,1H,2026-07-15T19:00:00Z,venue:binance,6.698,6.712,6.687,6.696,61105.33,409505.52499
crypto_market,spot_kline_1h,AVAX-USDT,1H,2026-07-15T20:00:00Z,venue:binance,6.696,6.737,6.692,6.699,33646.9,225735.92174
crypto_market,spot_kline_1h,AVAX-USDT,1H,2026-07-15T21:00:00Z,venue:binance,6.699,6.712,6.675,6.684,28355.96,189646.66251
crypto_market,spot_kline_1h,AVAX-USDT,1H,2026-07-15T22:00:00Z,venue:binance,6.684,6.717,6.675,6.697,42753.32,286155.91671
crypto_market,spot_kline_1h,AVAX-USDT,1H,2026-07-15T23:00:00Z,venue:binance,6.696,6.719,6.69,6.702,19363.54,129834.51575
crypto_market,spot_kline_1h,BNB-USDT,1H,2026-07-15T00:00:00Z,venue:binance,581.88,583.17,581.44,582.22,4543.826,2646456.13131
crypto_market,spot_kline_1h,BNB-USDT,1H,2026-07-15T01:00:00Z,venue:binance,582.23,582.23,579.95,580.09,3751.022,2179393.97334
crypto_market,spot_kline_1h,BNB-USDT,1H,2026-07-15T02:00:00Z,venue:binance,580.08,581.11,579.2,579.94,3220.098,1868125.65487
crypto_market,spot_kline_1h,BNB-USDT,1H,2026-07-15T03:00:00Z,venue:binance,579.95,581.29,579.67,580.71,3290.735,1910867.25113
crypto_market,spot_kline_1h,BNB-USDT,1H,2026-07-15T04:00:00Z,venue:binance,580.72,581.24,577.29,579.66,3858.444,2235805.62223
crypto_market,spot_kline_1h,BNB-USDT,1H,2026-07-15T05:00:00Z,venue:binance,579.67,580.77,578.71,580.6,3261.538,1889734.46156
crypto_market,spot_kline_1h,BNB-USDT,1H,2026-07-15T06:00:00Z,venue:binance,580.6,582.28,579.78,579.78,3779.461,2196127.7569
crypto_market,spot_kline_1h,BNB-USDT,1H,2026-07-15T07:00:00Z,venue:binance,579.79,580.19,576.49,576.49,9743.3,5632051.06918
crypto_market,spot_kline_1h,BNB-USDT,1H,2026-07-15T08:00:00Z,venue:binance,576.5,577.7,575.8,577.13,5287.453,3048419.44869
crypto_market,spot_kline_1h,BNB-USDT,1H,2026-07-15T09:00:00Z,venue:binance,577.12,577.98,576.56,577.14,4011.443,2316041.98621
crypto_market,spot_kline_1h,BNB-USDT,1H,2026-07-15T10:00:00Z,venue:binance,577.14,578.86,576.99,578.82,5247.953,3034486.53128
crypto_market,spot_kline_1h,BNB-USDT,1H,2026-07-15T11:00:00Z,venue:binance,578.82,579.1,577.83,579.01,3709.241,2146187.55234
crypto_market,spot_kline_1h,BNB-USDT,1H,2026-07-15T12:00:00Z,venue:binance,579.02,584.52,577.22,582.59,9320.893,5408975.19274
crypto_market,spot_kline_1h,BNB-USDT,1H,2026-07-15T13:00:00Z,venue:binance,582.6,585.3,580.99,582.47,12170.854,7098077.74279
crypto_market,spot_kline_1h,BNB-USDT,1H,2026-07-15T14:00:00Z,venue:binance,582.48,583.72,580.21,581.62,6402.896,3725234.6739
crypto_market,spot_kline_1h,BNB-USDT,1H,2026-07-15T15:00:00Z,venue:binance,581.62,582.33,580.4,581.73,6796.062,3950588.12494
crypto_market,spot_kline_1h,BNB-USDT,1H,2026-07-15T16:00:00Z,venue:binance,581.74,581.79,576.63,578.64,7227.608,4184565.10873
crypto_market,spot_kline_1h,BNB-USDT,1H,2026-07-15T17:00:00Z,venue:binance,578.65,580.83,578.35,580.09,3701.86,2145546.3264
crypto_market,spot_kline_1h,BNB-USDT,1H,2026-07-15T18:00:00Z,venue:binance,580.1,581.91,579.51,579.74,2267.169,1316784.86479
crypto_market,spot_kline_1h,BNB-USDT,1H,2026-07-15T19:00:00Z,venue:binance,579.75,580.37,578.55,579.48,1732.744,1004678.83001
crypto_market,spot_kline_1h,BNB-USDT,1H,2026-07-15T20:00:00Z,venue:binance,579.5,581.32,579.3,580.78,1734.464,1007051.04583
crypto_market,spot_kline_1h,BNB-USDT,1H,2026-07-15T21:00:00Z,venue:binance,580.78,581.49,580.48,581.09,2571.616,1494003.94485
crypto_market,spot_kline_1h,BNB-USDT,1H,2026-07-15T22:00:00Z,venue:binance,581.1,581.97,580.53,581.06,2800.784,1627571.3362
crypto_market,spot_kline_1h,BNB-USDT,1H,2026-07-15T23:00:00Z,venue:binance,581.07,581.66,579.9,580.55,2464.393,1431290.05762
crypto_market,spot_kline_1h,BTC-USDT,1H,2026-07-15T00:00:00Z,venue:binance,65043.99,65065.01,64765.12,64824.58,352.45343,22876740.1339942
crypto_market,spot_kline_1h,BTC-USDT,1H,2026-07-15T01:00:00Z,venue:binance,64824.57,64853.08,64644.48,64674.35,610.2003100000001,39490595.096953
crypto_market,spot_kline_1h,BTC-USDT,1H,2026-07-15T02:00:00Z,venue:binance,64674.35,64755.99,64488.0,64490.87,350.99185,22663017.4091236
crypto_market,spot_kline_1h,BTC-USDT,1H,2026-07-15T03:00:00Z,venue:binance,64490.87,64840.0,64490.86,64792.01,379.79444,24556380.1262968
crypto_market,spot_kline_1h,BTC-USDT,1H,2026-07-15T04:00:00Z,venue:binance,64792.0,64885.99,64714.0,64746.01,289.24746,18744503.5745307
crypto_market,spot_kline_1h,BTC-USDT,1H,2026-07-15T05:00:00Z,venue:binance,64746.01,64964.96,64602.5,64944.06,686.5094,44428561.405967
crypto_market,spot_kline_1h,BTC-USDT,1H,2026-07-15T06:00:00Z,venue:binance,64944.06,65277.37,64814.0,64814.0,974.06143,63357389.0814918
crypto_market,spot_kline_1h,BTC-USDT,1H,2026-07-15T07:00:00Z,venue:binance,64814.01,64876.0,64485.0,64549.34,1209.74716,78196461.07060081
crypto_market,spot_kline_1h,BTC-USDT,1H,2026-07-15T08:00:00Z,venue:binance,64549.33,64797.02,64549.33,64768.01,958.47053,62009500.8512336
crypto_market,spot_kline_1h,BTC-USDT,1H,2026-07-15T09:00:00Z,venue:binance,64768.0,64917.94,64653.18,64671.83,542.47841,35158818.2158306
crypto_market,spot_kline_1h,BTC-USDT,1H,2026-07-15T10:00:00Z,venue:binance,64671.84,64855.56,64614.0,64663.0,316.30209,20467657.2687534
crypto_market,spot_kline_1h,BTC-USDT,1H,2026-07-15T11:00:00Z,venue:binance,64663.0,64767.37,64616.11,64732.15,500.13863,32358687.1046917
crypto_market,spot_kline_1h,BTC-USDT,1H,2026-07-15T12:00:00Z,venue:binance,64732.15,65249.9,64606.0,65164.0,1837.40143,119231761.7289393
crypto_market,spot_kline_1h,BTC-USDT,1H,2026-07-15T13:00:00Z,venue:binance,65164.0,65577.0,64888.0,65117.99,1942.12357,126827754.6608841
crypto_market,spot_kline_1h,BTC-USDT,1H,2026-07-15T14:00:00Z,venue:binance,65118.0,65517.05,65070.0,65399.81,1187.13269,77547190.7989859
crypto_market,spot_kline_1h,BTC-USDT,1H,2026-07-15T15:00:00Z,venue:binance,65399.8,65600.0,65261.71,65427.61,1153.25811,75449236.7804924
crypto_market,spot_kline_1h,BTC-USDT,1H,2026-07-15T16:00:00Z,venue:binance,65427.6,65470.0,64784.83,65120.79,1423.19665,92630468.4490048
crypto_market,spot_kline_1h,BTC-USDT,1H,2026-07-15T17:00:00Z,venue:binance,65120.8,65194.72,64972.95,65056.1,1119.69712,72840642.5011165
crypto_market,spot_kline_1h,BTC-USDT,1H,2026-07-15T18:00:00Z,venue:binance,65056.1,65143.57,64847.42,64860.0,1076.85531,70017332.5520931
crypto_market,spot_kline_1h,BTC-USDT,1H,2026-07-15T19:00:00Z,venue:binance,64860.0,65000.0,64738.49,64977.34,377.96921,24530349.1343762
crypto_market,spot_kline_1h,BTC-USDT,1H,2026-07-15T20:00:00Z,venue:binance,64977.34,65055.39,64899.0,64968.01,239.51973,15565796.0568706
crypto_market,spot_kline_1h,BTC-USDT,1H,2026-07-15T21:00:00Z,venue:binance,64968.02,65018.74,64789.89,64834.31,289.23644,18762786.3035126
crypto_market,spot_kline_1h,BTC-USDT,1H,2026-07-15T22:00:00Z,venue:binance,64834.31,64982.47,64772.0,64866.93,275.16571,17849617.4605068
crypto_market,spot_kline_1h,BTC-USDT,1H,2026-07-15T23:00:00Z,venue:binance,64866.93,64938.0,64691.89,64756.28,309.9463,20087076.0022689
crypto_market,spot_kline_1h,DOGE-USDT,1H,2026-07-15T00:00:00Z,venue:binance,0.07444,0.07452,0.07394,0.07411,18691108.0,1386222.1398099998
crypto_market,spot_kline_1h,DOGE-USDT,1H,2026-07-15T01:00:00Z,venue:binance,0.07412,0.07419,0.07387,0.07402,9280329.0,686969.85855
crypto_market,spot_kline_1h,DOGE-USDT,1H,2026-07-15T02:00:00Z,venue:binance,0.07402,0.07411,0.07367,0.07374,14227893.0,1051748.19704
crypto_market,spot_kline_1h,DOGE-USDT,1H,2026-07-15T03:00:00Z,venue:binance,0.07375,0.0742,0.07371,0.07404,16635849.0,1230979.99437
crypto_market,spot_kline_1h,DOGE-USDT,1H,2026-07-15T04:00:00Z,venue:binance,0.07404,0.07423,0.07381,0.0741,9369852.0,694133.6601
crypto_market,spot_kline_1h,DOGE-USDT,1H,2026-07-15T05:00:00Z,venue:binance,0.0741,0.07452,0.07385,0.07442,11175083.0,828699.18187
crypto_market,spot_kline_1h,DOGE-USDT,1H,2026-07-15T06:00:00Z,venue:binance,0.07443,0.07492,0.07435,0.07442,19213875.0,1432865.4549
crypto_market,spot_kline_1h,DOGE-USDT,1H,2026-07-15T07:00:00Z,venue:binance,0.07442,0.07442,0.07387,0.07401,23699218.0,1758125.47534
crypto_market,spot_kline_1h,DOGE-USDT,1H,2026-07-15T08:00:00Z,venue:binance,0.07401,0.0743,0.07392,0.07421,6387968.0,473459.18462
crypto_market,spot_kline_1h,DOGE-USDT,1H,2026-07-15T09:00:00Z,venue:binance,0.07421,0.07452,0.07338,0.0737,151118242.0,11156002.78379
crypto_market,spot_kline_1h,DOGE-USDT,1H,2026-07-15T10:00:00Z,venue:binance,0.07369,0.07388,0.07362,0.07379,16276959.0,1200657.33399
crypto_market,spot_kline_1h,DOGE-USDT,1H,2026-07-15T11:00:00Z,venue:binance,0.07378,0.07387,0.07356,0.07386,16582891.0,1222466.35205
crypto_market,spot_kline_1h,DOGE-USDT,1H,2026-07-15T12:00:00Z,venue:binance,0.07385,0.07477,0.07366,0.07469,34111668.0,2531975.70699
crypto_market,spot_kline_1h,DOGE-USDT,1H,2026-07-15T13:00:00Z,venue:binance,0.07469,0.07525,0.07429,0.07455,42465603.0,3179374.12425
crypto_market,spot_kline_1h,DOGE-USDT,1H,2026-07-15T14:00:00Z,venue:binance,0.07456,0.07518,0.07449,0.0749,31313555.0,2343387.49754
crypto_market,spot_kline_1h,DOGE-USDT,1H,2026-07-15T15:00:00Z,venue:binance,0.07491,0.07501,0.07432,0.07462,23315017.0,1740642.33323
crypto_market,spot_kline_1h,DOGE-USDT,1H,2026-07-15T16:00:00Z,venue:binance,0.07463,0.07468,0.07336,0.07394,36349373.0,2685412.09947
crypto_market,spot_kline_1h,DOGE-USDT,1H,2026-07-15T17:00:00Z,venue:binance,0.07395,0.07439,0.07381,0.07425,21500934.0,1592975.24688
crypto_market,spot_kline_1h,DOGE-USDT,1H,2026-07-15T18:00:00Z,venue:binance,0.07424,0.0748,0.07396,0.07405,16755846.0,1246563.92732
crypto_market,spot_kline_1h,DOGE-USDT,1H,2026-07-15T19:00:00Z,venue:binance,0.07406,0.07418,0.07367,0.07382,8942339.0,660650.78289
crypto_market,spot_kline_1h,DOGE-USDT,1H,2026-07-15T20:00:00Z,venue:binance,0.07383,0.07415,0.07376,0.07403,7892598.0,583817.50112
crypto_market,spot_kline_1h,DOGE-USDT,1H,2026-07-15T21:00:00Z,venue:binance,0.07402,0.07419,0.07393,0.07404,5945451.0,440431.36547
crypto_market,spot_kline_1h,DOGE-USDT,1H,2026-07-15T22:00:00Z,venue:binance,0.07404,0.07425,0.07392,0.07404,6735800.0,499157.64848
crypto_market,spot_kline_1h,DOGE-USDT,1H,2026-07-15T23:00:00Z,venue:binance,0.07405,0.07419,0.07397,0.07409,4662869.0,345451.7195
crypto_market,spot_kline_1h,DOT-USDT,1H,2026-07-15T00:00:00Z,venue:binance,0.853,0.858,0.851,0.856,378550.38,323674.75864
crypto_market,spot_kline_1h,DOT-USDT,1H,2026-07-15T01:00:00Z,venue:binance,0.856,0.86,0.854,0.857,235308.98,201766.43473
crypto_market,spot_kline_1h,DOT-USDT,1H,2026-07-15T02:00:00Z,venue:binance,0.857,0.859,0.851,0.852,151602.77,129763.789
crypto_market,spot_kline_1h,DOT-USDT,1H,2026-07-15T03:00:00Z,venue:binance,0.852,0.857,0.849,0.855,253194.94,215700.52676
crypto_market,spot_kline_1h,DOT-USDT,1H,2026-07-15T04:00:00Z,venue:binance,0.855,0.856,0.85,0.852,80354.09,68532.17581
crypto_market,spot_kline_1h,DOT-USDT,1H,2026-07-15T05:00:00Z,venue:binance,0.853,0.855,0.847,0.855,94173.66,80162.97841
crypto_market,spot_kline_1h,DOT-USDT,1H,2026-07-15T06:00:00Z,venue:binance,0.856,0.862,0.854,0.857,131194.31,112595.65228
crypto_market,spot_kline_1h,DOT-USDT,1H,2026-07-15T07:00:00Z,venue:binance,0.857,0.858,0.851,0.853,219296.41,187294.5601
crypto_market,spot_kline_1h,DOT-USDT,1H,2026-07-15T08:00:00Z,venue:binance,0.854,0.855,0.85,0.853,69312.59,59079.65782
crypto_market,spot_kline_1h,DOT-USDT,1H,2026-07-15T09:00:00Z,venue:binance,0.854,0.857,0.85,0.852,207108.21,176723.23672
crypto_market,spot_kline_1h,DOT-USDT,1H,2026-07-15T10:00:00Z,venue:binance,0.852,0.855,0.85,0.851,81726.03,69646.93354
crypto_market,spot_kline_1h,DOT-USDT,1H,2026-07-15T11:00:00Z,venue:binance,0.852,0.854,0.848,0.853,105518.4,89724.9992
crypto_market,spot_kline_1h,DOT-USDT,1H,2026-07-15T12:00:00Z,venue:binance,0.853,0.864,0.85,0.863,703290.6,602552.65669
crypto_market,spot_kline_1h,DOT-USDT,1H,2026-07-15T13:00:00Z,venue:binance,0.862,0.869,0.856,0.861,764343.01,659873.45351
crypto_market,spot_kline_1h,DOT-USDT,1H,2026-07-15T14:00:00Z,venue:binance,0.861,0.863,0.856,0.86,199965.15,171929.24177999998
crypto_market,spot_kline_1h,DOT-USDT,1H,2026-07-15T15:00:00Z,venue:binance,0.86,0.861,0.855,0.857,242034.09,207706.08681
crypto_market,spot_kline_1h,DOT-USDT,1H,2026-07-15T16:00:00Z,venue:binance,0.856,0.857,0.842,0.849,645393.23,548022.60328
crypto_market,spot_kline_1h,DOT-USDT,1H,2026-07-15T17:00:00Z,venue:binance,0.848,0.855,0.848,0.854,149387.68,127212.45326
crypto_market,spot_kline_1h,DOT-USDT,1H,2026-07-15T18:00:00Z,venue:binance,0.855,0.858,0.853,0.855,329866.54,281992.65397
crypto_market,spot_kline_1h,DOT-USDT,1H,2026-07-15T19:00:00Z,venue:binance,0.856,0.858,0.838,0.841,811909.61,686716.15542
crypto_market,spot_kline_1h,DOT-USDT,1H,2026-07-15T20:00:00Z,venue:binance,0.841,0.848,0.84,0.846,173834.94,146962.91022
crypto_market,spot_kline_1h,DOT-USDT,1H,2026-07-15T21:00:00Z,venue:binance,0.846,0.849,0.845,0.846,288887.25,244688.01434
crypto_market,spot_kline_1h,DOT-USDT,1H,2026-07-15T22:00:00Z,venue:binance,0.846,0.851,0.846,0.847,134905.75,114441.80948
crypto_market,spot_kline_1h,DOT-USDT,1H,2026-07-15T23:00:00Z,venue:binance,0.848,0.849,0.845,0.847,87221.28,73896.64016
crypto_market,spot_kline_1h,ETH-USDT,1H,2026-07-15T00:00:00Z,venue:binance,1891.87,1893.32,1878.13,1881.58,9550.6408,17997493.386882998
crypto_market,spot_kline_1h,ETH-USDT,1H,2026-07-15T01:00:00Z,venue:binance,1881.58,1881.98,1867.23,1870.2,10644.9734,19940515.485681
crypto_market,spot_kline_1h,ETH-USDT,1H,2026-07-15T02:00:00Z,venue:binance,1870.19,1873.04,1864.38,1864.6,8096.6475,15119123.343624
crypto_market,spot_kline_1h,ETH-USDT,1H,2026-07-15T03:00:00Z,venue:binance,1864.6,1878.96,1864.46,1876.08,6856.5606,12832826.118257
crypto_market,spot_kline_1h,ETH-USDT,1H,2026-07-15T04:00:00Z,venue:binance,1876.08,1880.59,1873.31,1876.49,5458.1045,10246464.298194
crypto_market,spot_kline_1h,ETH-USDT,1H,2026-07-15T05:00:00Z,venue:binance,1876.5,1883.54,1871.64,1882.68,5911.7597,11088300.881866
crypto_market,spot_kline_1h,ETH-USDT,1H,2026-07-15T06:00:00Z,venue:binance,1882.69,1891.89,1875.52,1875.87,11821.1832,22287971.341263
crypto_market,spot_kline_1h,ETH-USDT,1H,2026-07-15T07:00:00Z,venue:binance,1875.87,1877.16,1864.7,1870.04,13148.2806,24589166.77547
crypto_market,spot_kline_1h,ETH-USDT,1H,2026-07-15T08:00:00Z,venue:binance,1870.04,1879.64,1870.03,1879.22,7626.3554,14297677.554768
crypto_market,spot_kline_1h,ETH-USDT,1H,2026-07-15T09:00:00Z,venue:binance,1879.22,1886.59,1879.18,1879.86,11037.7879,20772683.704944
crypto_market,spot_kline_1h,ETH-USDT,1H,2026-07-15T10:00:00Z,venue:binance,1879.86,1886.55,1874.98,1878.11,10094.6306,18980921.296654
crypto_market,spot_kline_1h,ETH-USDT,1H,2026-07-15T11:00:00Z,venue:binance,1878.12,1885.71,1877.48,1884.62,6327.1196,11904351.136742
crypto_market,spot_kline_1h,ETH-USDT,1H,2026-07-15T12:00:00Z,venue:binance,1884.62,1929.94,1879.25,1927.16,40956.8654,78153201.069382
crypto_market,spot_kline_1h,ETH-USDT,1H,2026-07-15T13:00:00Z,venue:binance,1927.17,1946.52,1917.16,1925.76,55492.8037,107369245.657328
crypto_market,spot_kline_1h,ETH-USDT,1H,2026-07-15T14:00:00Z,venue:binance,1925.77,1935.51,1919.12,1933.23,25792.0082,49754190.848132
crypto_market,spot_kline_1h,ETH-USDT,1H,2026-07-15T15:00:00Z,venue:binance,1933.24,1937.6,1925.95,1931.95,15043.138,29066680.858768
crypto_market,spot_kline_1h,ETH-USDT,1H,2026-07-15T16:00:00Z,venue:binance,1931.96,1932.95,1904.36,1919.62,21205.2658,40667834.489545
crypto_market,spot_kline_1h,ETH-USDT,1H,2026-07-15T17:00:00Z,venue:binance,1919.62,1931.22,1919.44,1927.94,10664.0432,20522170.602711
crypto_market,spot_kline_1h,ETH-USDT,1H,2026-07-15T18:00:00Z,venue:binance,1927.93,1937.0,1922.62,1924.47,14593.8081,28177442.984353
crypto_market,spot_kline_1h,ETH-USDT,1H,2026-07-15T19:00:00Z,venue:binance,1924.47,1929.06,1918.92,1924.15,8808.6579,16956103.146534
crypto_market,spot_kline_1h,ETH-USDT,1H,2026-07-15T20:00:00Z,venue:binance,1924.15,1930.71,1919.71,1923.75,4481.7148,8627045.989483
crypto_market,spot_kline_1h,ETH-USDT,1H,2026-07-15T21:00:00Z,venue:binance,1923.75,1925.73,1919.8,1922.0,4689.2691,9015318.348162
crypto_market,spot_kline_1h,ETH-USDT,1H,2026-07-15T22:00:00Z,venue:binance,1922.0,1928.58,1918.3,1923.43,6006.3769,11553949.311746
crypto_market,spot_kline_1h,ETH-USDT,1H,2026-07-15T23:00:00Z,venue:binance,1923.43,1927.28,1914.89,1917.86,5492.9744,10548571.012237
crypto_market,spot_kline_1h,LINK-USDT,1H,2026-07-15T00:00:00Z,venue:binance,8.346,8.359,8.306,8.353,49728.37,414340.96493
crypto_market,spot_kline_1h,LINK-USDT,1H,2026-07-15T01:00:00Z,venue:binance,8.354,8.356,8.305,8.312,59487.3,495054.92016
crypto_market,spot_kline_1h,LINK-USDT,1H,2026-07-15T02:00:00Z,venue:binance,8.313,8.314,8.268,8.276,33391.0,276784.76012
crypto_market,spot_kline_1h,LINK-USDT,1H,2026-07-15T03:00:00Z,venue:binance,8.277,8.34,8.27,8.321,56342.27,467658.10304
crypto_market,spot_kline_1h,LINK-USDT,1H,2026-07-15T04:00:00Z,venue:binance,8.32,8.36,8.313,8.332,37855.34,315813.91618
crypto_market,spot_kline_1h,LINK-USDT,1H,2026-07-15T05:00:00Z,venue:binance,8.332,8.388,8.317,8.384,35443.43,295684.29356
crypto_market,spot_kline_1h,LINK-USDT,1H,2026-07-15T06:00:00Z,venue:binance,8.384,8.412,8.362,8.365,62560.26,524893.93669
crypto_market,spot_kline_1h,LINK-USDT,1H,2026-07-15T07:00:00Z,venue:binance,8.364,8.367,8.311,8.334,56547.91,471429.1274
crypto_market,spot_kline_1h,LINK-USDT,1H,2026-07-15T08:00:00Z,venue:binance,8.335,8.4,8.332,8.381,110236.39,922422.80831
crypto_market,spot_kline_1h,LINK-USDT,1H,2026-07-15T09:00:00Z,venue:binance,8.38,8.437,8.366,8.371,89016.69,747765.91449
crypto_market,spot_kline_1h,LINK-USDT,1H,2026-07-15T10:00:00Z,venue:binance,8.37,8.386,8.329,8.332,269935.88,2255892.31254
crypto_market,spot_kline_1h,LINK-USDT,1H,2026-07-15T11:00:00Z,venue:binance,8.332,8.432,8.328,8.423,109853.06,918668.26015
crypto_market,spot_kline_1h,LINK-USDT,1H,2026-07-15T12:00:00Z,venue:binance,8.424,8.575,8.402,8.575,209498.4,1777029.23602
crypto_market,spot_kline_1h,LINK-USDT,1H,2026-07-15T13:00:00Z,venue:binance,8.575,8.633,8.484,8.511,246262.67,2112930.66145
crypto_market,spot_kline_1h,LINK-USDT,1H,2026-07-15T14:00:00Z,venue:binance,8.512,8.561,8.491,8.559,106716.86,910764.4097
crypto_market,spot_kline_1h,LINK-USDT,1H,2026-07-15T15:00:00Z,venue:binance,8.559,8.615,8.538,8.552,93598.05,801925.45999
crypto_market,spot_kline_1h,LINK-USDT,1H,2026-07-15T16:00:00Z,venue:binance,8.554,8.559,8.424,8.481,99546.18,844451.56076
crypto_market,spot_kline_1h,LINK-USDT,1H,2026-07-15T17:00:00Z,venue:binance,8.48,8.57,8.479,8.546,66746.87,568920.543
crypto_market,spot_kline_1h,LINK-USDT,1H,2026-07-15T18:00:00Z,venue:binance,8.546,8.564,8.495,8.504,63184.29,539485.90285
crypto_market,spot_kline_1h,LINK-USDT,1H,2026-07-15T19:00:00Z,venue:binance,8.505,8.529,8.488,8.503,41914.45,356755.7545
crypto_market,spot_kline_1h,LINK-USDT,1H,2026-07-15T20:00:00Z,venue:binance,8.504,8.541,8.492,8.515,37429.61,318817.7327
crypto_market,spot_kline_1h,LINK-USDT,1H,2026-07-15T21:00:00Z,venue:binance,8.514,8.543,8.504,8.543,42615.06,363239.18758
crypto_market,spot_kline_1h,LINK-USDT,1H,2026-07-15T22:00:00Z,venue:binance,8.543,8.58,8.524,8.548,48199.3,412554.41288
crypto_market,spot_kline_1h,LINK-USDT,1H,2026-07-15T23:00:00Z,venue:binance,8.549,8.566,8.521,8.539,31579.6,269884.94847
crypto_market,spot_kline_1h,SOL-USDT,1H,2026-07-15T00:00:00Z,venue:binance,77.87,77.92,77.47,77.66,47671.994,3703198.67443
crypto_market,spot_kline_1h,SOL-USDT,1H,2026-07-15T01:00:00Z,venue:binance,77.67,77.82,77.28,77.44,61605.767,4777420.9239
crypto_market,spot_kline_1h,SOL-USDT,1H,2026-07-15T02:00:00Z,venue:binance,77.43,77.59,77.03,77.29,74804.377,5777535.76708
crypto_market,spot_kline_1h,SOL-USDT,1H,2026-07-15T03:00:00Z,venue:binance,77.3,77.9,77.23,77.78,47465.878,3681215.37024
crypto_market,spot_kline_1h,SOL-USDT,1H,2026-07-15T04:00:00Z,venue:binance,77.78,78.18,77.54,78.02,55833.135,4350292.94786
crypto_market,spot_kline_1h,SOL-USDT,1H,2026-07-15T05:00:00Z,venue:binance,78.02,78.33,77.65,78.26,75424.953,5881126.46819
crypto_market,spot_kline_1h,SOL-USDT,1H,2026-07-15T06:00:00Z,venue:binance,78.26,78.7,77.94,77.94,167363.776,13113816.53843
crypto_market,spot_kline_1h,SOL-USDT,1H,2026-07-15T07:00:00Z,venue:binance,77.95,78.01,77.4,77.42,54867.198,4263011.15804
crypto_market,spot_kline_1h,SOL-USDT,1H,2026-07-15T08:00:00Z,venue:binance,77.42,77.62,77.23,77.58,62008.649,4801451.62373
crypto_market,spot_kline_1h,SOL-USDT,1H,2026-07-15T09:00:00Z,venue:binance,77.57,77.91,77.43,77.49,38046.609,2955366.03674
crypto_market,spot_kline_1h,SOL-USDT,1H,2026-07-15T10:00:00Z,venue:binance,77.49,77.71,77.23,77.37,49120.592,3802778.61084
crypto_market,spot_kline_1h,SOL-USDT,1H,2026-07-15T11:00:00Z,venue:binance,77.37,77.53,77.34,77.52,37779.813,2925664.28005
crypto_market,spot_kline_1h,SOL-USDT,1H,2026-07-15T12:00:00Z,venue:binance,77.53,78.31,77.26,78.28,125652.339,9779722.38428
crypto_market,spot_kline_1h,SOL-USDT,1H,2026-07-15T13:00:00Z,venue:binance,78.28,79.04,77.71,78.11,253391.641,19908696.9761
crypto_market,spot_kline_1h,SOL-USDT,1H,2026-07-15T14:00:00Z,venue:binance,78.11,78.39,77.78,78.22,98123.199,7663981.32707
crypto_market,spot_kline_1h,SOL-USDT,1H,2026-07-15T15:00:00Z,venue:binance,78.22,78.25,77.76,78.07,100345.689,7834078.33155
crypto_market,spot_kline_1h,SOL-USDT,1H,2026-07-15T16:00:00Z,venue:binance,78.06,78.12,77.07,77.63,115744.444,8976108.4489
crypto_market,spot_kline_1h,SOL-USDT,1H,2026-07-15T17:00:00Z,venue:binance,77.63,78.05,77.5,77.82,63500.613,4936894.25757
crypto_market,spot_kline_1h,SOL-USDT,1H,2026-07-15T18:00:00Z,venue:binance,77.82,78.09,77.51,77.58,47315.924,3685238.79569
crypto_market,spot_kline_1h,SOL-USDT,1H,2026-07-15T19:00:00Z,venue:binance,77.59,77.69,76.94,77.18,82691.575,6389189.83294
crypto_market,spot_kline_1h,SOL-USDT,1H,2026-07-15T20:00:00Z,venue:binance,77.18,77.54,77.1,77.38,30726.918,2376256.86458
crypto_market,spot_kline_1h,SOL-USDT,1H,2026-07-15T21:00:00Z,venue:binance,77.38,77.52,77.24,77.41,32917.941,2546688.59475
crypto_market,spot_kline_1h,SOL-USDT,1H,2026-07-15T22:00:00Z,venue:binance,77.41,77.74,77.3,77.48,36814.471,2854577.71599
crypto_market,spot_kline_1h,SOL-USDT,1H,2026-07-15T23:00:00Z,venue:binance,77.48,77.61,77.21,77.29,30174.093,2335550.61066
crypto_market,spot_kline_1h,XRP-USDT,1H,2026-07-15T00:00:00Z,venue:binance,1.1118,1.1123,1.1066,1.1082,2680522.1,2972532.1949
crypto_market,spot_kline_1h,XRP-USDT,1H,2026-07-15T01:00:00Z,venue:binance,1.1083,1.1085,1.1022,1.1033,2255574.2,2494096.25298
crypto_market,spot_kline_1h,XRP-USDT,1H,2026-07-15T02:00:00Z,venue:binance,1.1033,1.1042,1.099,1.0996,1261096.9,1388084.40378
crypto_market,spot_kline_1h,XRP-USDT,1H,2026-07-15T03:00:00Z,venue:binance,1.0995,1.1052,1.0994,1.1042,2331554.4,2569158.57232
crypto_market,spot_kline_1h,XRP-USDT,1H,2026-07-15T04:00:00Z,venue:binance,1.1042,1.1065,1.1013,1.1033,1539023.8,1699626.83984
crypto_market,spot_kline_1h,XRP-USDT,1H,2026-07-15T05:00:00Z,venue:binance,1.1034,1.1071,1.0997,1.1066,999095.6,1101451.62686
crypto_market,spot_kline_1h,XRP-USDT,1H,2026-07-15T06:00:00Z,venue:binance,1.1067,1.1139,1.1058,1.1074,3389080.0,3764098.0108
crypto_market,spot_kline_1h,XRP-USDT,1H,2026-07-15T07:00:00Z,venue:binance,1.1074,1.1081,1.1018,1.1038,1831323.7,2022880.18012
crypto_market,spot_kline_1h,XRP-USDT,1H,2026-07-15T08:00:00Z,venue:binance,1.1039,1.109,1.1032,1.1079,1439883.6,1593085.70232
crypto_market,spot_kline_1h,XRP-USDT,1H,2026-07-15T09:00:00Z,venue:binance,1.108,1.1125,1.1077,1.1088,1833320.6,2035678.42557
crypto_market,spot_kline_1h,XRP-USDT,1H,2026-07-15T10:00:00Z,venue:binance,1.1087,1.11,1.1061,1.1084,1598090.4,1771126.62335
crypto_market,spot_kline_1h,XRP-USDT,1H,2026-07-15T11:00:00Z,venue:binance,1.1083,1.1094,1.1069,1.1083,1324583.9,1467781.26207
crypto_market,spot_kline_1h,XRP-USDT,1H,2026-07-15T12:00:00Z,venue:binance,1.1084,1.1217,1.1055,1.1211,6090850.0,6786593.39672
crypto_market,spot_kline_1h,XRP-USDT,1H,2026-07-15T13:00:00Z,venue:binance,1.121,1.1293,1.1178,1.1218,7321804.7,8228574.30718
crypto_market,spot_kline_1h,XRP-USDT,1H,2026-07-15T14:00:00Z,venue:binance,1.1219,1.1302,1.1183,1.1258,5806995.2,6535428.94503
crypto_market,spot_kline_1h,XRP-USDT,1H,2026-07-15T15:00:00Z,venue:binance,1.1258,1.1287,1.1207,1.1263,4782448.9,5380697.72062
crypto_market,spot_kline_1h,XRP-USDT,1H,2026-07-15T16:00:00Z,venue:binance,1.1263,1.1272,1.1079,1.114,4761349.9,5312970.72662
crypto_market,spot_kline_1h,XRP-USDT,1H,2026-07-15T17:00:00Z,venue:binance,1.114,1.1196,1.1112,1.1176,2862212.3,3194152.23407
crypto_market,spot_kline_1h,XRP-USDT,1H,2026-07-15T18:00:00Z,venue:binance,1.1176,1.1214,1.1117,1.1125,2502343.5,2796242.98298
crypto_market,spot_kline_1h,XRP-USDT,1H,2026-07-15T19:00:00Z,venue:binance,1.1125,1.1148,1.1088,1.1099,2314380.0,2572905.1518200003
crypto_market,spot_kline_1h,XRP-USDT,1H,2026-07-15T20:00:00Z,venue:binance,1.1099,1.114,1.1082,1.1114,1394927.6,1550468.48198
crypto_market,spot_kline_1h,XRP-USDT,1H,2026-07-15T21:00:00Z,venue:binance,1.1114,1.1161,1.1106,1.1157,2100365.6,2339482.57509
crypto_market,spot_kline_1h,XRP-USDT,1H,2026-07-15T22:00:00Z,venue:binance,1.1157,1.1192,1.1147,1.1161,1842796.0,2058256.68431
crypto_market,spot_kline_1h,XRP-USDT,1H,2026-07-15T23:00:00Z,venue:binance,1.1162,1.117,1.1121,1.1133,1215461.7,1354564.63996
