space_id,dataset_id,subject_id,freq,data_time,series_tag,open,high,low,close,volume,amount
stock_cn,stock_cn_kline,bj920000,1H,2026-07-16T10:30:00+08:00,,11.61,11.88,11.38,11.78,200259.0,2330291.0
stock_cn,stock_cn_kline,bj920000,1H,2026-07-16T11:30:00+08:00,,11.78,11.84,11.69,11.84,91020.0,1071471.0
stock_cn,stock_cn_kline,bj920000,1H,2026-07-16T14:00:00+08:00,,11.8,11.85,11.76,11.78,73308.0,866146.0
stock_cn,stock_cn_kline,bj920000,1H,2026-07-16T15:00:00+08:00,,11.78,11.85,11.72,11.85,138502.0,1632537.0
stock_cn,stock_cn_kline,bj920055,1H,2026-07-16T10:30:00+08:00,,26.79,26.83,26.33,26.62,100867.0,2682445.0
stock_cn,stock_cn_kline,bj920055,1H,2026-07-16T11:30:00+08:00,,26.62,26.82,26.56,26.57,39134.0,1043810.0
stock_cn,stock_cn_kline,bj920055,1H,2026-07-16T14:00:00+08:00,,26.65,26.88,26.63,26.78,28799.0,770364.0
stock_cn,stock_cn_kline,bj920055,1H,2026-07-16T15:00:00+08:00,,26.78,26.78,26.55,26.73,77940.0,2079219.0
stock_cn,stock_cn_kline,bj920116,1H,2026-07-16T10:30:00+08:00,,48.99,50.39,47.68,49.69,1835632.0,89697655.0
stock_cn,stock_cn_kline,bj920116,1H,2026-07-16T11:30:00+08:00,,49.69,49.69,48.61,48.99,387202.0,19030490.0
stock_cn,stock_cn_kline,bj920116,1H,2026-07-16T14:00:00+08:00,,48.99,49.4,48.19,48.27,490043.0,23803728.0
stock_cn,stock_cn_kline,bj920116,1H,2026-07-16T15:00:00+08:00,,48.22,48.54,48.02,48.28,735625.0,35467997.0
stock_cn,stock_cn_kline,bj920184,1H,2026-07-16T10:30:00+08:00,,11.01,11.32,10.83,11.2,934477.0,10330141.0
stock_cn,stock_cn_kline,bj920184,1H,2026-07-16T11:30:00+08:00,,11.2,11.3,11.13,11.2,112898.0,1266573.0
stock_cn,stock_cn_kline,bj920184,1H,2026-07-16T14:00:00+08:00,,11.17,11.32,11.16,11.27,145231.0,1631652.0
stock_cn,stock_cn_kline,bj920184,1H,2026-07-16T15:00:00+08:00,,11.27,11.27,11.03,11.12,493434.0,5495534.0
stock_cn,stock_cn_kline,bj920263,1H,2026-07-16T10:30:00+08:00,,6.9,7.03,6.74,6.99,167159.0,1147618.0
stock_cn,stock_cn_kline,bj920263,1H,2026-07-16T11:30:00+08:00,,6.99,7.02,6.9,6.92,46950.0,327223.0
stock_cn,stock_cn_kline,bj920263,1H,2026-07-16T14:00:00+08:00,,6.9,6.98,6.89,6.92,24455.0,169881.0
stock_cn,stock_cn_kline,bj920263,1H,2026-07-16T15:00:00+08:00,,6.92,6.97,6.86,6.91,77093.0,531818.0
stock_cn,stock_cn_kline,bj920415,1H,2026-07-16T10:30:00+08:00,,8.56,8.69,8.41,8.64,583654.0,4992555.0
stock_cn,stock_cn_kline,bj920415,1H,2026-07-16T11:30:00+08:00,,8.64,8.65,8.56,8.61,202944.0,1747064.0
stock_cn,stock_cn_kline,bj920415,1H,2026-07-16T14:00:00+08:00,,8.6,8.64,8.55,8.62,212050.0,1821018.0
stock_cn,stock_cn_kline,bj920415,1H,2026-07-16T15:00:00+08:00,,8.62,8.62,8.48,8.53,239563.0,2042577.0
stock_cn,stock_cn_kline,bj920556,1H,2026-07-16T10:30:00+08:00,,6.56,6.69,6.49,6.69,410623.0,2701751.0
stock_cn,stock_cn_kline,bj920556,1H,2026-07-16T11:30:00+08:00,,6.69,6.72,6.65,6.7,332950.0,2227392.0
stock_cn,stock_cn_kline,bj920556,1H,2026-07-16T14:00:00+08:00,,6.7,6.7,6.62,6.62,239188.0,1596316.0
stock_cn,stock_cn_kline,bj920556,1H,2026-07-16T15:00:00+08:00,,6.62,6.69,6.59,6.6,667849.0,4433904.0
stock_cn,stock_cn_kline,bj920706,1H,2026-07-16T10:30:00+08:00,,14.13,14.5,13.92,14.4,333949.0,4728389.0
stock_cn,stock_cn_kline,bj920706,1H,2026-07-16T11:30:00+08:00,,14.39,14.45,14.3,14.36,157270.0,2263444.0
stock_cn,stock_cn_kline,bj920706,1H,2026-07-16T14:00:00+08:00,,14.37,14.45,14.21,14.29,74418.0,1067153.0
stock_cn,stock_cn_kline,bj920706,1H,2026-07-16T15:00:00+08:00,,14.38,14.4,14.23,14.35,153974.0,2200937.0
stock_cn,stock_cn_kline,bj920855,1H,2026-07-16T10:30:00+08:00,,11.6,11.65,11.42,11.58,74041.0,855061.0
stock_cn,stock_cn_kline,bj920855,1H,2026-07-16T11:30:00+08:00,,11.72,11.72,11.55,11.57,24913.0,288907.0
stock_cn,stock_cn_kline,bj920855,1H,2026-07-16T14:00:00+08:00,,11.57,11.7,11.57,11.6,9572.0,111203.0
stock_cn,stock_cn_kline,bj920855,1H,2026-07-16T15:00:00+08:00,,11.6,11.67,11.57,11.65,56539.0,657382.0
stock_cn,stock_cn_kline,bj920992,1H,2026-07-16T10:30:00+08:00,,11.5,11.83,11.4,11.83,496095.0,5725997.0
stock_cn,stock_cn_kline,bj920992,1H,2026-07-16T11:30:00+08:00,,11.83,11.83,11.67,11.7,132121.0,1549160.0
stock_cn,stock_cn_kline,bj920992,1H,2026-07-16T14:00:00+08:00,,11.72,11.95,11.69,11.86,375362.0,4443292.0
stock_cn,stock_cn_kline,bj920992,1H,2026-07-16T15:00:00+08:00,,11.87,11.87,11.69,11.78,179289.0,2109873.0
stock_cn,stock_cn_kline,sh600000,1H,2026-07-16T10:30:00+08:00,,8.92,8.94,8.8,8.86,42637548.0,378381300.0
stock_cn,stock_cn_kline,sh600000,1H,2026-07-16T11:30:00+08:00,,8.86,8.89,8.82,8.86,8461400.0,74956320.0
stock_cn,stock_cn_kline,sh600000,1H,2026-07-16T14:00:00+08:00,,8.87,8.92,8.85,8.86,10825705.0,96206050.0
stock_cn,stock_cn_kline,sh600000,1H,2026-07-16T15:00:00+08:00,,8.86,8.87,8.83,8.85,13657980.0,120914980.0
stock_cn,stock_cn_kline,sh600036,1H,2026-07-16T10:30:00+08:00,,37.7,38.12,37.5,37.65,37271281.0,1409280200.0
stock_cn,stock_cn_kline,sh600036,1H,2026-07-16T11:30:00+08:00,,37.65,37.86,37.58,37.69,9573743.0,360897100.0
stock_cn,stock_cn_kline,sh600036,1H,2026-07-16T14:00:00+08:00,,37.66,37.88,37.64,37.66,11933680.0,450729900.0
stock_cn,stock_cn_kline,sh600036,1H,2026-07-16T15:00:00+08:00,,37.67,37.7,37.54,37.67,17911166.0,673703100.0
stock_cn,stock_cn_kline,sh600100,1H,2026-07-16T10:30:00+08:00,,6.68,6.77,6.63,6.75,12433548.0,83420623.0
stock_cn,stock_cn_kline,sh600100,1H,2026-07-16T11:30:00+08:00,,6.75,6.79,6.71,6.73,5161201.0,34847776.0
stock_cn,stock_cn_kline,sh600100,1H,2026-07-16T14:00:00+08:00,,6.73,6.74,6.7,6.71,3655101.0,24544601.0
stock_cn,stock_cn_kline,sh600100,1H,2026-07-16T15:00:00+08:00,,6.72,6.72,6.64,6.67,7394200.0,49349550.0
stock_cn,stock_cn_kline,sh600188,1H,2026-07-16T10:30:00+08:00,,19.95,20.12,19.3,19.51,31582921.0,619864950.0
stock_cn,stock_cn_kline,sh600188,1H,2026-07-16T11:30:00+08:00,,19.54,19.7,19.32,19.48,7267690.0,141513870.0
stock_cn,stock_cn_kline,sh600188,1H,2026-07-16T14:00:00+08:00,,19.49,19.56,19.31,19.31,5906940.0,114491590.0
stock_cn,stock_cn_kline,sh600188,1H,2026-07-16T15:00:00+08:00,,19.31,19.61,19.05,19.47,10182429.0,196914360.0
stock_cn,stock_cn_kline,sh600285,1H,2026-07-16T10:30:00+08:00,,22.65,23.18,22.61,22.82,6095400.0,139431320.0
stock_cn,stock_cn_kline,sh600285,1H,2026-07-16T11:30:00+08:00,,22.8,22.95,22.66,22.79,2052200.0,46811860.0
stock_cn,stock_cn_kline,sh600285,1H,2026-07-16T14:00:00+08:00,,22.79,23.06,22.72,22.99,3231350.0,74108100.0
stock_cn,stock_cn_kline,sh600285,1H,2026-07-16T15:00:00+08:00,,22.99,23.05,22.91,23.05,2459200.0,56547780.0
stock_cn,stock_cn_kline,sh600495,1H,2026-07-16T10:30:00+08:00,,3.75,3.82,3.74,3.8,4137380.0,15626550.0
stock_cn,stock_cn_kline,sh600495,1H,2026-07-16T11:30:00+08:00,,3.8,3.82,3.78,3.81,2757954.0,10487199.0
stock_cn,stock_cn_kline,sh600495,1H,2026-07-16T14:00:00+08:00,,3.8,3.81,3.78,3.79,1212399.0,4596060.0
stock_cn,stock_cn_kline,sh600495,1H,2026-07-16T15:00:00+08:00,,3.79,3.8,3.75,3.76,2824322.0,10634856.0
stock_cn,stock_cn_kline,sh600519,1H,2026-07-16T10:30:00+08:00,,1252.0,1264.62,1245.05,1256.0,2195960.0,2753169100.0
stock_cn,stock_cn_kline,sh600519,1H,2026-07-16T11:30:00+08:00,,1256.04,1263.0,1250.18,1261.0,849656.0,1068925900.0
stock_cn,stock_cn_kline,sh600519,1H,2026-07-16T14:00:00+08:00,,1260.26,1267.97,1260.26,1262.0,884659.0,1118701800.0
stock_cn,stock_cn_kline,sh600519,1H,2026-07-16T15:00:00+08:00,,1261.5,1263.51,1257.17,1258.99,830839.0,1046774100.0
stock_cn,stock_cn_kline,sh600580,1H,2026-07-16T10:30:00+08:00,,31.0,31.96,30.67,31.79,12442670.0,391611380.0
stock_cn,stock_cn_kline,sh600580,1H,2026-07-16T11:30:00+08:00,,31.81,31.86,31.57,31.68,3644066.0,115574830.0
stock_cn,stock_cn_kline,sh600580,1H,2026-07-16T14:00:00+08:00,,31.7,31.7,31.21,31.3,4120660.0,129361100.0
stock_cn,stock_cn_kline,sh600580,1H,2026-07-16T15:00:00+08:00,,31.3,31.33,31.0,31.1,6291718.0,195765630.0
stock_cn,stock_cn_kline,sh600667,1H,2026-07-16T10:30:00+08:00,,19.99,20.55,19.58,19.97,115063223.0,2309867300.0
stock_cn,stock_cn_kline,sh600667,1H,2026-07-16T11:30:00+08:00,,19.97,20.11,19.4,19.5,44649557.0,880390500.0
stock_cn,stock_cn_kline,sh600667,1H,2026-07-16T14:00:00+08:00,,19.5,19.5,18.74,18.77,56092650.0,1068036100.0
stock_cn,stock_cn_kline,sh600667,1H,2026-07-16T15:00:00+08:00,,18.78,18.94,18.73,18.73,21467480.0,402686000.0
stock_cn,stock_cn_kline,sh600751,1H,2026-07-16T10:30:00+08:00,,2.89,2.94,2.82,2.94,12871171.0,37019767.0
stock_cn,stock_cn_kline,sh600751,1H,2026-07-16T11:30:00+08:00,,2.93,2.95,2.91,2.93,8531172.0,24993159.0
stock_cn,stock_cn_kline,sh600751,1H,2026-07-16T14:00:00+08:00,,2.93,2.96,2.91,2.94,7350929.0,21589091.0
stock_cn,stock_cn_kline,sh600751,1H,2026-07-16T15:00:00+08:00,,2.92,2.94,2.89,2.9,5918012.0,17205466.0
stock_cn,stock_cn_kline,sh600838,1H,2026-07-16T10:30:00+08:00,,7.22,7.4,7.16,7.4,3542400.0,25828192.0
stock_cn,stock_cn_kline,sh600838,1H,2026-07-16T11:30:00+08:00,,7.4,7.41,7.34,7.4,1627900.0,12020591.0
stock_cn,stock_cn_kline,sh600838,1H,2026-07-16T14:00:00+08:00,,7.4,7.43,7.36,7.39,1051200.0,7774514.0
stock_cn,stock_cn_kline,sh600838,1H,2026-07-16T15:00:00+08:00,,7.39,7.4,7.3,7.33,2379142.0,17449651.0
stock_cn,stock_cn_kline,sh601086,1H,2026-07-16T10:30:00+08:00,,7.18,7.38,7.17,7.28,6017128.0,43731140.0
stock_cn,stock_cn_kline,sh601086,1H,2026-07-16T11:30:00+08:00,,7.29,7.35,7.26,7.35,2094100.0,15305295.0
stock_cn,stock_cn_kline,sh601086,1H,2026-07-16T14:00:00+08:00,,7.34,7.35,7.3,7.3,1568300.0,11481580.0
stock_cn,stock_cn_kline,sh601086,1H,2026-07-16T15:00:00+08:00,,7.3,7.32,7.27,7.29,1845100.0,13443983.0
stock_cn,stock_cn_kline,sh601318,1H,2026-07-16T10:30:00+08:00,,50.7,51.29,50.24,50.61,35153139.0,1778980700.0
stock_cn,stock_cn_kline,sh601318,1H,2026-07-16T11:30:00+08:00,,50.62,50.87,50.54,50.78,13255749.0,672440000.0
stock_cn,stock_cn_kline,sh601318,1H,2026-07-16T14:00:00+08:00,,50.77,51.09,50.64,50.65,13638281.0,693906000.0
stock_cn,stock_cn_kline,sh601318,1H,2026-07-16T15:00:00+08:00,,50.65,50.84,50.59,50.67,19232702.0,975074000.0
stock_cn,stock_cn_kline,sh601368,1H,2026-07-16T10:30:00+08:00,,4.42,4.44,4.36,4.43,2837700.0,12481180.0
stock_cn,stock_cn_kline,sh601368,1H,2026-07-16T11:30:00+08:00,,4.43,4.44,4.4,4.43,724400.0,3203590.0
stock_cn,stock_cn_kline,sh601368,1H,2026-07-16T14:00:00+08:00,,4.43,4.47,4.42,4.46,1401000.0,6237885.0
stock_cn,stock_cn_kline,sh601368,1H,2026-07-16T15:00:00+08:00,,4.46,4.46,4.42,4.46,1875800.0,8336595.0
stock_cn,stock_cn_kline,sh601398,1H,2026-07-16T10:30:00+08:00,,7.51,7.53,7.36,7.4,175059840.0,1302205820.0
stock_cn,stock_cn_kline,sh601398,1H,2026-07-16T11:30:00+08:00,,7.39,7.47,7.39,7.43,54372050.0,404270080.0
stock_cn,stock_cn_kline,sh601398,1H,2026-07-16T14:00:00+08:00,,7.42,7.46,7.4,7.42,52801800.0,392146800.0
stock_cn,stock_cn_kline,sh601398,1H,2026-07-16T15:00:00+08:00,,7.42,7.42,7.38,7.39,69506400.0,514192200.0
stock_cn,stock_cn_kline,sh601825,1H,2026-07-16T10:30:00+08:00,,8.04,8.19,7.93,7.96,8941600.0,71833678.0
stock_cn,stock_cn_kline,sh601825,1H,2026-07-16T11:30:00+08:00,,7.96,8.02,7.94,7.97,2417800.0,19260670.0
stock_cn,stock_cn_kline,sh601825,1H,2026-07-16T14:00:00+08:00,,7.96,8.01,7.95,7.99,3187800.0,25456065.0
stock_cn,stock_cn_kline,sh601825,1H,2026-07-16T15:00:00+08:00,,7.99,7.99,7.94,7.98,4912580.0,39139637.0
stock_cn,stock_cn_kline,sh603019,1H,2026-07-16T10:30:00+08:00,,93.5,101.2,92.01,99.99,47865166.0,4640020700.0
stock_cn,stock_cn_kline,sh603019,1H,2026-07-16T11:30:00+08:00,,100.0,101.32,98.86,99.7,14422584.0,1443975000.0
stock_cn,stock_cn_kline,sh603019,1H,2026-07-16T14:00:00+08:00,,99.75,100.25,98.09,98.42,9534081.0,945099800.0
stock_cn,stock_cn_kline,sh603019,1H,2026-07-16T15:00:00+08:00,,98.42,98.88,97.02,97.66,14056229.0,1375683600.0
stock_cn,stock_cn_kline,sh603191,1H,2026-07-16T10:30:00+08:00,,13.19,13.42,12.95,13.38,2275205.0,29990297.0
stock_cn,stock_cn_kline,sh603191,1H,2026-07-16T11:30:00+08:00,,13.37,13.44,13.25,13.37,919300.0,12284086.0
stock_cn,stock_cn_kline,sh603191,1H,2026-07-16T14:00:00+08:00,,13.36,13.36,13.16,13.18,954300.0,12642061.0
stock_cn,stock_cn_kline,sh603191,1H,2026-07-16T15:00:00+08:00,,13.17,13.2,13.04,13.13,1242800.0,16283258.0
stock_cn,stock_cn_kline,sh603282,1H,2026-07-16T10:30:00+08:00,,14.1,14.81,14.01,14.75,894000.0,12968382.0
stock_cn,stock_cn_kline,sh603282,1H,2026-07-16T11:30:00+08:00,,14.75,14.76,14.63,14.66,209800.0,3082111.0
stock_cn,stock_cn_kline,sh603282,1H,2026-07-16T14:00:00+08:00,,14.66,14.71,14.45,14.45,254100.0,3692737.0
stock_cn,stock_cn_kline,sh603282,1H,2026-07-16T15:00:00+08:00,,14.52,14.55,14.29,14.39,224300.0,3235077.0
stock_cn,stock_cn_kline,sh603370,1H,2026-07-16T10:30:00+08:00,,32.55,33.28,32.26,33.25,265806.0,8734076.7
stock_cn,stock_cn_kline,sh603370,1H,2026-07-16T11:30:00+08:00,,33.24,33.28,32.91,32.98,74700.0,2472389.0
stock_cn,stock_cn_kline,sh603370,1H,2026-07-16T14:00:00+08:00,,33.0,33.0,32.76,32.8,79100.0,2601197.3
stock_cn,stock_cn_kline,sh603370,1H,2026-07-16T15:00:00+08:00,,32.87,32.87,32.57,32.81,129800.0,4247250.0
stock_cn,stock_cn_kline,sh603559,1H,2026-07-16T10:30:00+08:00,,8.19,8.34,7.86,8.13,4571700.0,36857136.0
stock_cn,stock_cn_kline,sh603559,1H,2026-07-16T11:30:00+08:00,,8.12,8.15,7.99,8.14,1175800.0,9473836.0
stock_cn,stock_cn_kline,sh603559,1H,2026-07-16T14:00:00+08:00,,8.14,8.17,8.01,8.06,1211300.0,9771776.0
stock_cn,stock_cn_kline,sh603559,1H,2026-07-16T15:00:00+08:00,,8.07,8.12,8.0,8.06,1923900.0,15466536.0
stock_cn,stock_cn_kline,sh603685,1H,2026-07-16T10:30:00+08:00,,27.18,27.48,26.7,27.14,485700.0,13122573.0
stock_cn,stock_cn_kline,sh603685,1H,2026-07-16T11:30:00+08:00,,27.14,27.36,26.88,27.29,335000.0,9071611.0
stock_cn,stock_cn_kline,sh603685,1H,2026-07-16T14:00:00+08:00,,27.3,27.39,26.79,26.87,309800.0,8359599.0
stock_cn,stock_cn_kline,sh603685,1H,2026-07-16T15:00:00+08:00,,26.88,27.09,26.79,26.9,321262.0,8626676.0
stock_cn,stock_cn_kline,sh603955,1H,2026-07-16T10:30:00+08:00,,18.17,18.37,17.68,18.37,718800.0,12985174.0
stock_cn,stock_cn_kline,sh603955,1H,2026-07-16T11:30:00+08:00,,18.36,18.36,18.11,18.23,339900.0,6182804.0
stock_cn,stock_cn_kline,sh603955,1H,2026-07-16T14:00:00+08:00,,18.21,18.44,18.16,18.41,322200.0,5902138.0
stock_cn,stock_cn_kline,sh603955,1H,2026-07-16T15:00:00+08:00,,18.39,18.48,18.28,18.37,346500.0,6369440.0
stock_cn,stock_cn_kline,sh605151,1H,2026-07-16T10:30:00+08:00,,17.97,18.48,17.92,18.43,616300.0,11232016.0
stock_cn,stock_cn_kline,sh605151,1H,2026-07-16T11:30:00+08:00,,18.43,18.43,18.26,18.38,253000.0,4644378.0
stock_cn,stock_cn_kline,sh605151,1H,2026-07-16T14:00:00+08:00,,18.38,18.38,18.06,18.12,209900.0,3814949.0
stock_cn,stock_cn_kline,sh605151,1H,2026-07-16T15:00:00+08:00,,18.14,18.19,17.98,18.1,303400.0,5486124.0
stock_cn,stock_cn_kline,sh605599,1H,2026-07-16T10:30:00+08:00,,14.65,14.78,14.46,14.59,2257900.0,32936444.0
stock_cn,stock_cn_kline,sh605599,1H,2026-07-16T11:30:00+08:00,,14.59,14.79,14.59,14.62,1006900.0,14785778.0
stock_cn,stock_cn_kline,sh605599,1H,2026-07-16T14:00:00+08:00,,14.62,14.67,14.57,14.59,765000.0,11185743.0
stock_cn,stock_cn_kline,sh605599,1H,2026-07-16T15:00:00+08:00,,14.59,14.65,14.49,14.65,1421700.0,20695982.0
stock_cn,stock_cn_kline,sh688001,1H,2026-07-16T10:30:00+08:00,,62.5,64.74,60.0,62.29,5480215.0,342415910.0
stock_cn,stock_cn_kline,sh688001,1H,2026-07-16T11:30:00+08:00,,62.29,62.9,61.26,61.59,1318378.0,81631950.0
stock_cn,stock_cn_kline,sh688001,1H,2026-07-16T14:00:00+08:00,,61.59,63.37,61.18,61.56,1833639.0,113623570.0
stock_cn,stock_cn_kline,sh688001,1H,2026-07-16T15:00:00+08:00,,61.57,61.84,60.21,60.82,2000995.0,121732890.0
stock_cn,stock_cn_kline,sh688036,1H,2026-07-16T10:30:00+08:00,,62.0,68.51,61.41,66.76,19136877.0,1266299190.0
stock_cn,stock_cn_kline,sh688036,1H,2026-07-16T11:30:00+08:00,,66.68,67.25,65.04,65.49,5791882.0,382714410.0
stock_cn,stock_cn_kline,sh688036,1H,2026-07-16T14:00:00+08:00,,65.4,66.0,64.98,65.89,4291215.0,281565400.0
stock_cn,stock_cn_kline,sh688036,1H,2026-07-16T15:00:00+08:00,,65.89,65.94,65.33,65.43,4271553.0,280294700.0
stock_cn,stock_cn_kline,sh688076,1H,2026-07-16T10:30:00+08:00,,29.11,29.31,28.45,29.28,1098961.0,31678664.0
stock_cn,stock_cn_kline,sh688076,1H,2026-07-16T11:30:00+08:00,,29.28,29.45,28.9,29.3,657274.0,19158076.0
stock_cn,stock_cn_kline,sh688076,1H,2026-07-16T14:00:00+08:00,,29.3,29.66,29.18,29.35,918799.0,27042223.0
stock_cn,stock_cn_kline,sh688076,1H,2026-07-16T15:00:00+08:00,,29.34,29.44,29.08,29.22,588979.0,17193360.0
stock_cn,stock_cn_kline,sh688110,1H,2026-07-16T10:30:00+08:00,,143.83,147.78,141.43,144.23,6965592.0,1007459080.0
stock_cn,stock_cn_kline,sh688110,1H,2026-07-16T11:30:00+08:00,,144.12,146.39,140.11,143.14,2837441.0,407431420.0
stock_cn,stock_cn_kline,sh688110,1H,2026-07-16T14:00:00+08:00,,143.2,143.2,137.89,138.45,4241321.0,593188700.0
stock_cn,stock_cn_kline,sh688110,1H,2026-07-16T15:00:00+08:00,,138.47,139.83,135.1,136.5,4774281.0,654482400.0
stock_cn,stock_cn_kline,sh688150,1H,2026-07-16T10:30:00+08:00,,48.87,51.42,47.85,50.77,3343641.0,166923020.0
stock_cn,stock_cn_kline,sh688150,1H,2026-07-16T11:30:00+08:00,,50.87,51.2,49.82,50.8,1670352.0,84520270.0
stock_cn,stock_cn_kline,sh688150,1H,2026-07-16T14:00:00+08:00,,50.68,50.76,49.35,49.68,1219892.0,60935840.0
stock_cn,stock_cn_kline,sh688150,1H,2026-07-16T15:00:00+08:00,,49.68,50.11,48.68,49.03,1355133.0,66712200.0
stock_cn,stock_cn_kline,sh688185,1H,2026-07-16T10:30:00+08:00,,52.4,53.39,51.42,53.33,1338167.0,70151962.0
stock_cn,stock_cn_kline,sh688185,1H,2026-07-16T11:30:00+08:00,,53.33,53.68,52.8,53.4,489398.0,26105695.0
stock_cn,stock_cn_kline,sh688185,1H,2026-07-16T14:00:00+08:00,,53.38,53.79,53.0,53.51,457915.0,24499015.0
stock_cn,stock_cn_kline,sh688185,1H,2026-07-16T15:00:00+08:00,,53.5,53.5,52.79,52.95,495393.0,26275398.0
stock_cn,stock_cn_kline,sh688220,1H,2026-07-16T10:30:00+08:00,,122.47,133.5,117.5,118.17,13838195.0,1734996800.0
stock_cn,stock_cn_kline,sh688220,1H,2026-07-16T11:30:00+08:00,,118.09,122.4,116.0,116.63,4252054.0,504794700.0
stock_cn,stock_cn_kline,sh688220,1H,2026-07-16T14:00:00+08:00,,116.7,117.76,113.0,114.5,3021496.0,347731000.0
stock_cn,stock_cn_kline,sh688220,1H,2026-07-16T15:00:00+08:00,,114.52,115.31,111.5,113.69,3776482.0,426866900.0
stock_cn,stock_cn_kline,sh688261,1H,2026-07-16T10:30:00+08:00,,78.17,81.5,77.9,79.08,2845259.0,226542860.0
stock_cn,stock_cn_kline,sh688261,1H,2026-07-16T11:30:00+08:00,,79.09,79.88,77.01,77.82,1193217.0,93426540.0
stock_cn,stock_cn_kline,sh688261,1H,2026-07-16T14:00:00+08:00,,77.82,77.82,75.0,75.51,1536461.0,117123550.0
stock_cn,stock_cn_kline,sh688261,1H,2026-07-16T15:00:00+08:00,,75.51,75.81,73.37,74.01,1788854.0,133109690.0
stock_cn,stock_cn_kline,sh688299,1H,2026-07-16T10:30:00+08:00,,13.14,13.41,12.89,13.34,2289435.0,30051894.0
stock_cn,stock_cn_kline,sh688299,1H,2026-07-16T11:30:00+08:00,,13.33,13.44,13.22,13.32,866940.0,11540695.0
stock_cn,stock_cn_kline,sh688299,1H,2026-07-16T14:00:00+08:00,,13.32,13.33,13.03,13.07,860195.0,11302322.0
stock_cn,stock_cn_kline,sh688299,1H,2026-07-16T15:00:00+08:00,,13.09,13.15,12.9,12.99,1478285.0,19196037.0
stock_cn,stock_cn_kline,sh688333,1H,2026-07-16T10:30:00+08:00,,112.71,118.97,112.52,114.84,10187445.0,1177110290.0
stock_cn,stock_cn_kline,sh688333,1H,2026-07-16T11:30:00+08:00,,114.74,114.82,112.01,113.15,3034387.0,344478310.0
stock_cn,stock_cn_kline,sh688333,1H,2026-07-16T14:00:00+08:00,,113.29,113.75,111.89,112.61,2380184.0,267873300.0
stock_cn,stock_cn_kline,sh688333,1H,2026-07-16T15:00:00+08:00,,112.61,113.55,111.0,111.82,3299529.0,369772000.0
stock_cn,stock_cn_kline,sh688372,1H,2026-07-16T10:30:00+08:00,,145.66,149.49,140.2,146.34,4594875.0,666226120.0
stock_cn,stock_cn_kline,sh688372,1H,2026-07-16T11:30:00+08:00,,146.18,147.8,142.8,143.88,1587202.0,229891720.0
stock_cn,stock_cn_kline,sh688372,1H,2026-07-16T14:00:00+08:00,,144.0,145.48,139.8,140.44,2192563.0,311250770.0
stock_cn,stock_cn_kline,sh688372,1H,2026-07-16T15:00:00+08:00,,140.59,141.92,136.8,138.19,2885539.0,400218790.0
stock_cn,stock_cn_kline,sh688418,1H,2026-07-16T10:30:00+08:00,,39.25,39.7,38.0,39.1,1585469.0,61860777.0
stock_cn,stock_cn_kline,sh688418,1H,2026-07-16T11:30:00+08:00,,39.1,39.33,38.35,38.6,574514.0,22334700.0
stock_cn,stock_cn_kline,sh688418,1H,2026-07-16T14:00:00+08:00,,38.47,38.57,37.45,37.53,1123199.0,42715793.0
stock_cn,stock_cn_kline,sh688418,1H,2026-07-16T15:00:00+08:00,,37.53,37.7,36.56,36.7,1255752.0,46430770.0
stock_cn,stock_cn_kline,sh688489,1H,2026-07-16T10:30:00+08:00,,23.46,23.7,23.26,23.57,494639.0,11637538.3
stock_cn,stock_cn_kline,sh688489,1H,2026-07-16T11:30:00+08:00,,23.52,23.87,23.33,23.41,282161.0,6654212.7
stock_cn,stock_cn_kline,sh688489,1H,2026-07-16T14:00:00+08:00,,23.44,23.46,23.12,23.28,251691.0,5847990.0
stock_cn,stock_cn_kline,sh688489,1H,2026-07-16T15:00:00+08:00,,23.34,23.53,23.1,23.32,318745.0,7399749.0
stock_cn,stock_cn_kline,sh688533,1H,2026-07-16T10:30:00+08:00,,21.08,21.91,21.05,21.8,481502.0,10388474.0
stock_cn,stock_cn_kline,sh688533,1H,2026-07-16T11:30:00+08:00,,21.8,21.83,21.54,21.61,90684.0,1968532.6
stock_cn,stock_cn_kline,sh688533,1H,2026-07-16T14:00:00+08:00,,21.64,21.75,21.55,21.63,178980.0,3872277.4
stock_cn,stock_cn_kline,sh688533,1H,2026-07-16T15:00:00+08:00,,21.62,21.69,21.46,21.55,235541.0,5080690.0
stock_cn,stock_cn_kline,sh688578,1H,2026-07-16T10:30:00+08:00,,122.0,127.05,118.03,126.87,6746570.0,822851250.0
stock_cn,stock_cn_kline,sh688578,1H,2026-07-16T11:30:00+08:00,,126.85,127.29,121.07,123.91,2656772.0,330477450.0
stock_cn,stock_cn_kline,sh688578,1H,2026-07-16T14:00:00+08:00,,123.92,125.16,122.1,122.6,1876425.0,231762700.0
stock_cn,stock_cn_kline,sh688578,1H,2026-07-16T15:00:00+08:00,,122.62,124.57,120.35,124.1,2522386.0,308990100.0
stock_cn,stock_cn_kline,sh688613,1H,2026-07-16T10:30:00+08:00,,15.3,15.92,15.26,15.86,2255495.0,35313013.0
stock_cn,stock_cn_kline,sh688613,1H,2026-07-16T11:30:00+08:00,,15.84,15.95,15.7,15.72,1141095.0,18046644.0
stock_cn,stock_cn_kline,sh688613,1H,2026-07-16T14:00:00+08:00,,15.72,15.8,15.55,15.74,1294087.0,20280622.0
stock_cn,stock_cn_kline,sh688613,1H,2026-07-16T15:00:00+08:00,,15.72,15.75,15.55,15.7,1081948.0,16911267.0
stock_cn,stock_cn_kline,sh688660,1H,2026-07-16T10:30:00+08:00,,7.97,8.43,7.92,8.41,15167458.0,123752513.0
stock_cn,stock_cn_kline,sh688660,1H,2026-07-16T11:30:00+08:00,,8.4,8.41,8.24,8.29,3864829.0,32176697.0
stock_cn,stock_cn_kline,sh688660,1H,2026-07-16T14:00:00+08:00,,8.29,8.31,8.19,8.23,3679494.0,30290800.0
stock_cn,stock_cn_kline,sh688660,1H,2026-07-16T15:00:00+08:00,,8.23,8.26,8.19,8.23,5696952.0,46820200.0
stock_cn,stock_cn_kline,sh688700,1H,2026-07-16T10:30:00+08:00,,67.06,69.36,65.71,67.2,3801755.0,255888410.0
stock_cn,stock_cn_kline,sh688700,1H,2026-07-16T11:30:00+08:00,,67.16,67.8,65.58,66.1,1584104.0,105683100.0
stock_cn,stock_cn_kline,sh688700,1H,2026-07-16T14:00:00+08:00,,66.06,66.42,64.07,64.43,2757340.0,179402590.0
stock_cn,stock_cn_kline,sh688700,1H,2026-07-16T15:00:00+08:00,,64.38,65.12,63.14,63.9,3094546.0,197759290.0
stock_cn,stock_cn_kline,sh688772,1H,2026-07-16T10:30:00+08:00,,15.49,16.24,15.19,16.04,17377247.0,275257370.0
stock_cn,stock_cn_kline,sh688772,1H,2026-07-16T11:30:00+08:00,,16.03,16.06,15.64,15.88,4783291.0,75901320.0
stock_cn,stock_cn_kline,sh688772,1H,2026-07-16T14:00:00+08:00,,15.88,15.97,15.66,15.71,4555934.0,72016330.0
stock_cn,stock_cn_kline,sh688772,1H,2026-07-16T15:00:00+08:00,,15.72,15.76,15.47,15.59,5293453.0,82368260.0
stock_cn,stock_cn_kline,sh688981,1H,2026-07-16T10:30:00+08:00,,146.0,160.47,145.99,158.36,46885302.0,7285523400.0
stock_cn,stock_cn_kline,sh688981,1H,2026-07-16T11:30:00+08:00,,158.33,159.3,155.9,156.56,10981129.0,1725679800.0
stock_cn,stock_cn_kline,sh688981,1H,2026-07-16T14:00:00+08:00,,156.54,157.85,152.86,153.51,11802187.0,1825166400.0
stock_cn,stock_cn_kline,sh688981,1H,2026-07-16T15:00:00+08:00,,153.58,154.62,150.51,151.8,14589997.0,2218925200.0
stock_cn,stock_cn_kline,sz000001,1H,2026-07-16T10:30:00+08:00,,10.85,10.93,10.72,10.75,40885775.0,442269470.0
stock_cn,stock_cn_kline,sz000001,1H,2026-07-16T11:30:00+08:00,,10.74,10.8,10.74,10.78,12571882.0,135398020.0
stock_cn,stock_cn_kline,sz000001,1H,2026-07-16T14:00:00+08:00,,10.77,10.82,10.76,10.79,12258340.0,132305240.0
stock_cn,stock_cn_kline,sz000001,1H,2026-07-16T15:00:00+08:00,,10.79,10.79,10.73,10.77,14360626.0,154463170.0
stock_cn,stock_cn_kline,sz000333,1H,2026-07-16T10:30:00+08:00,,82.15,83.45,81.8,82.18,17638599.0,1456631100.0
stock_cn,stock_cn_kline,sz000333,1H,2026-07-16T11:30:00+08:00,,82.17,82.45,82.04,82.06,4675100.0,384382300.0
stock_cn,stock_cn_kline,sz000333,1H,2026-07-16T14:00:00+08:00,,82.03,82.33,81.81,81.89,5461099.0,448183800.0
stock_cn,stock_cn_kline,sz000333,1H,2026-07-16T15:00:00+08:00,,81.89,82.15,81.8,81.8,8463437.0,693362200.0
stock_cn,stock_cn_kline,sz000338,1H,2026-07-16T10:30:00+08:00,,26.08,26.43,25.72,26.17,28684106.0,747752660.0
stock_cn,stock_cn_kline,sz000338,1H,2026-07-16T11:30:00+08:00,,26.17,26.49,25.96,26.06,10748120.0,281756950.0
stock_cn,stock_cn_kline,sz000338,1H,2026-07-16T14:00:00+08:00,,26.06,26.07,25.36,25.39,24595367.0,630336790.0
stock_cn,stock_cn_kline,sz000338,1H,2026-07-16T15:00:00+08:00,,25.39,25.68,25.37,25.66,24902143.0,635488100.0
stock_cn,stock_cn_kline,sz000550,1H,2026-07-16T10:30:00+08:00,,16.29,16.45,16.18,16.42,1216949.0,19819736.0
stock_cn,stock_cn_kline,sz000550,1H,2026-07-16T11:30:00+08:00,,16.4,16.55,16.4,16.5,632500.0,10433123.0
stock_cn,stock_cn_kline,sz000550,1H,2026-07-16T14:00:00+08:00,,16.5,16.55,16.42,16.44,839487.0,13848985.0
stock_cn,stock_cn_kline,sz000550,1H,2026-07-16T15:00:00+08:00,,16.46,16.5,16.4,16.42,651000.0,10714231.0
stock_cn,stock_cn_kline,sz000651,1H,2026-07-16T10:30:00+08:00,,39.78,40.07,39.61,39.76,19565310.0,779046340.0
stock_cn,stock_cn_kline,sz000651,1H,2026-07-16T11:30:00+08:00,,39.76,39.9,39.71,39.81,5205230.0,207233110.0
stock_cn,stock_cn_kline,sz000651,1H,2026-07-16T14:00:00+08:00,,39.81,39.96,39.75,39.84,7040516.0,280826440.0
stock_cn,stock_cn_kline,sz000651,1H,2026-07-16T15:00:00+08:00,,39.84,39.87,39.75,39.83,9043769.0,360114210.0
stock_cn,stock_cn_kline,sz000739,1H,2026-07-16T10:30:00+08:00,,20.55,21.47,19.61,21.36,26514677.0,541221660.0
stock_cn,stock_cn_kline,sz000739,1H,2026-07-16T11:30:00+08:00,,21.28,21.5,20.69,21.13,7227386.0,152166120.0
stock_cn,stock_cn_kline,sz000739,1H,2026-07-16T14:00:00+08:00,,21.17,21.35,20.71,21.27,6310601.0,133063760.0
stock_cn,stock_cn_kline,sz000739,1H,2026-07-16T15:00:00+08:00,,21.27,21.39,20.9,21.0,9490532.0,200890360.0
stock_cn,stock_cn_kline,sz000848,1H,2026-07-16T10:30:00+08:00,,8.38,8.57,8.3,8.43,5540300.0,46892897.0
stock_cn,stock_cn_kline,sz000848,1H,2026-07-16T11:30:00+08:00,,8.42,8.46,8.41,8.44,2114600.0,17841610.0
stock_cn,stock_cn_kline,sz000848,1H,2026-07-16T14:00:00+08:00,,8.44,8.52,8.44,8.49,2373900.0,20163700.0
stock_cn,stock_cn_kline,sz000848,1H,2026-07-16T15:00:00+08:00,,8.49,8.5,8.44,8.46,2614348.0,22146696.0
stock_cn,stock_cn_kline,sz000858,1H,2026-07-16T10:30:00+08:00,,73.33,74.24,72.6,73.46,24441122.0,1791218300.0
stock_cn,stock_cn_kline,sz000858,1H,2026-07-16T11:30:00+08:00,,73.46,73.9,73.24,73.8,7094059.0,522345600.0
stock_cn,stock_cn_kline,sz000858,1H,2026-07-16T14:00:00+08:00,,73.8,74.59,73.72,74.01,10244362.0,760042800.0
stock_cn,stock_cn_kline,sz000858,1H,2026-07-16T15:00:00+08:00,,74.01,74.04,73.74,73.9,7112522.0,525439300.0
stock_cn,stock_cn_kline,sz000938,1H,2026-07-16T10:30:00+08:00,,34.54,39.08,34.54,39.08,230337650.0,8545207100.0
stock_cn,stock_cn_kline,sz000938,1H,2026-07-16T11:30:00+08:00,,39.08,39.08,38.36,38.7,107290670.0,4171933700.0
stock_cn,stock_cn_kline,sz000938,1H,2026-07-16T14:00:00+08:00,,38.7,38.9,38.36,38.51,49249280.0,1902271200.0
stock_cn,stock_cn_kline,sz000938,1H,2026-07-16T15:00:00+08:00,,38.51,38.59,38.08,38.59,65083190.0,2497398000.0
stock_cn,stock_cn_kline,sz001337,1H,2026-07-16T10:30:00+08:00,,34.8,35.63,34.77,35.4,3265700.0,114981259.0
stock_cn,stock_cn_kline,sz001337,1H,2026-07-16T11:30:00+08:00,,35.4,36.49,35.32,35.63,3159441.0,113050101.0
stock_cn,stock_cn_kline,sz001337,1H,2026-07-16T14:00:00+08:00,,35.64,35.68,34.91,35.01,1590400.0,55884990.0
stock_cn,stock_cn_kline,sz001337,1H,2026-07-16T15:00:00+08:00,,35.02,35.1,34.66,34.93,2086212.0,72681830.0
stock_cn,stock_cn_kline,sz002032,1H,2026-07-16T10:30:00+08:00,,43.82,44.48,43.43,43.86,555200.0,24416451.0
stock_cn,stock_cn_kline,sz002032,1H,2026-07-16T11:30:00+08:00,,43.82,44.07,43.72,44.03,193700.0,8510367.0
stock_cn,stock_cn_kline,sz002032,1H,2026-07-16T14:00:00+08:00,,44.04,44.6,43.95,44.5,518330.0,22931865.0
stock_cn,stock_cn_kline,sz002032,1H,2026-07-16T15:00:00+08:00,,44.51,44.57,44.21,44.26,325900.0,14452716.0
stock_cn,stock_cn_kline,sz002098,1H,2026-07-16T10:30:00+08:00,,6.56,6.73,6.47,6.73,1845600.0,12192779.0
stock_cn,stock_cn_kline,sz002098,1H,2026-07-16T11:30:00+08:00,,6.72,6.74,6.68,6.73,390800.0,2623199.0
stock_cn,stock_cn_kline,sz002098,1H,2026-07-16T14:00:00+08:00,,6.72,6.74,6.69,6.7,445800.0,2991463.0
stock_cn,stock_cn_kline,sz002098,1H,2026-07-16T15:00:00+08:00,,6.7,6.71,6.65,6.68,661500.0,4417813.0
stock_cn,stock_cn_kline,sz002164,1H,2026-07-16T10:30:00+08:00,,10.7,11.03,10.66,10.93,2577900.0,28049341.0
stock_cn,stock_cn_kline,sz002164,1H,2026-07-16T11:30:00+08:00,,10.93,10.97,10.86,10.9,668400.0,7293928.0
stock_cn,stock_cn_kline,sz002164,1H,2026-07-16T14:00:00+08:00,,10.92,10.92,10.81,10.82,890400.0,9678001.0
stock_cn,stock_cn_kline,sz002164,1H,2026-07-16T15:00:00+08:00,,10.82,10.85,10.72,10.76,1429400.0,15394227.0
stock_cn,stock_cn_kline,sz002227,1H,2026-07-16T10:30:00+08:00,,6.3,6.5,6.29,6.49,1356800.0,8682226.0
stock_cn,stock_cn_kline,sz002227,1H,2026-07-16T11:30:00+08:00,,6.48,6.51,6.44,6.46,372800.0,2414089.0
stock_cn,stock_cn_kline,sz002227,1H,2026-07-16T14:00:00+08:00,,6.45,6.46,6.38,6.38,354500.0,2270790.0
stock_cn,stock_cn_kline,sz002227,1H,2026-07-16T15:00:00+08:00,,6.37,6.43,6.32,6.37,674900.0,4290971.0
stock_cn,stock_cn_kline,sz002294,1H,2026-07-16T10:30:00+08:00,,38.09,38.9,36.8,38.88,21542428.0,816677550.0
stock_cn,stock_cn_kline,sz002294,1H,2026-07-16T11:30:00+08:00,,38.88,39.9,38.63,39.81,14990217.0,588643850.0
stock_cn,stock_cn_kline,sz002294,1H,2026-07-16T14:00:00+08:00,,39.82,42.2,39.28,41.37,17483474.0,715719000.0
stock_cn,stock_cn_kline,sz002294,1H,2026-07-16T15:00:00+08:00,,41.35,41.41,40.23,41.37,11866724.0,485618300.0
stock_cn,stock_cn_kline,sz002361,1H,2026-07-16T10:30:00+08:00,,10.51,10.73,10.29,10.6,26153853.0,274171560.0
stock_cn,stock_cn_kline,sz002361,1H,2026-07-16T11:30:00+08:00,,10.6,10.65,10.49,10.56,8076307.0,85343440.0
stock_cn,stock_cn_kline,sz002361,1H,2026-07-16T14:00:00+08:00,,10.55,10.55,10.37,10.38,9363118.0,97719390.0
stock_cn,stock_cn_kline,sz002361,1H,2026-07-16T15:00:00+08:00,,10.39,10.41,10.25,10.3,19520040.0,201011940.0
stock_cn,stock_cn_kline,sz002425,1H,2026-07-16T10:30:00+08:00,,2.72,2.78,2.65,2.76,12209300.0,33336691.0
stock_cn,stock_cn_kline,sz002425,1H,2026-07-16T11:30:00+08:00,,2.76,2.77,2.73,2.74,5157000.0,14171664.0
stock_cn,stock_cn_kline,sz002425,1H,2026-07-16T14:00:00+08:00,,2.75,2.76,2.72,2.73,4296200.0,11754584.0
stock_cn,stock_cn_kline,sz002425,1H,2026-07-16T15:00:00+08:00,,2.72,2.74,2.71,2.73,5076200.0,13819703.0
stock_cn,stock_cn_kline,sz002494,1H,2026-07-16T10:30:00+08:00,,4.55,4.67,4.48,4.66,4283000.0,19673198.0
stock_cn,stock_cn_kline,sz002494,1H,2026-07-16T11:30:00+08:00,,4.66,4.67,4.6,4.63,937000.0,4346749.0
stock_cn,stock_cn_kline,sz002494,1H,2026-07-16T14:00:00+08:00,,4.63,4.63,4.57,4.61,1362800.0,6270151.0
stock_cn,stock_cn_kline,sz002494,1H,2026-07-16T15:00:00+08:00,,4.6,4.63,4.57,4.61,3113400.0,14330764.0
stock_cn,stock_cn_kline,sz002563,1H,2026-07-16T10:30:00+08:00,,5.65,5.74,5.56,5.57,6689599.0,37609977.0
stock_cn,stock_cn_kline,sz002563,1H,2026-07-16T11:30:00+08:00,,5.57,5.61,5.57,5.59,2278600.0,12738487.0
stock_cn,stock_cn_kline,sz002563,1H,2026-07-16T14:00:00+08:00,,5.59,5.65,5.57,5.6,2737300.0,15363172.0
stock_cn,stock_cn_kline,sz002563,1H,2026-07-16T15:00:00+08:00,,5.6,5.61,5.57,5.6,3469000.0,19402990.0
stock_cn,stock_cn_kline,sz002629,1H,2026-07-16T10:30:00+08:00,,4.35,4.51,4.33,4.5,7315600.0,32348411.0
stock_cn,stock_cn_kline,sz002629,1H,2026-07-16T11:30:00+08:00,,4.5,4.5,4.45,4.49,1735800.0,7769886.0
stock_cn,stock_cn_kline,sz002629,1H,2026-07-16T14:00:00+08:00,,4.49,4.49,4.44,4.45,1372500.0,6121864.0
stock_cn,stock_cn_kline,sz002629,1H,2026-07-16T15:00:00+08:00,,4.45,4.47,4.41,4.42,2141400.0,9497478.0
stock_cn,stock_cn_kline,sz002772,1H,2026-07-16T10:30:00+08:00,,11.2,11.25,10.74,10.81,14009638.0,152583390.0
stock_cn,stock_cn_kline,sz002772,1H,2026-07-16T11:30:00+08:00,,10.81,10.85,10.6,10.66,7497800.0,80244720.0
stock_cn,stock_cn_kline,sz002772,1H,2026-07-16T14:00:00+08:00,,10.67,10.68,10.6,10.6,4899800.0,51964940.0
stock_cn,stock_cn_kline,sz002772,1H,2026-07-16T15:00:00+08:00,,10.6,10.61,10.6,10.6,1319800.0,13991060.0
stock_cn,stock_cn_kline,sz002842,1H,2026-07-16T10:30:00+08:00,,34.81,36.02,34.65,35.25,12795340.0,451498100.0
stock_cn,stock_cn_kline,sz002842,1H,2026-07-16T11:30:00+08:00,,35.24,35.52,34.89,35.1,3856917.0,135842390.0
stock_cn,stock_cn_kline,sz002842,1H,2026-07-16T14:00:00+08:00,,35.1,35.14,34.45,34.5,5553714.0,192803930.0
stock_cn,stock_cn_kline,sz002842,1H,2026-07-16T15:00:00+08:00,,34.49,34.74,34.02,34.43,8281800.0,283428060.0
stock_cn,stock_cn_kline,sz002909,1H,2026-07-16T10:30:00+08:00,,4.79,4.94,4.72,4.93,2738680.0,13220606.0
stock_cn,stock_cn_kline,sz002909,1H,2026-07-16T11:30:00+08:00,,4.92,4.93,4.88,4.91,735700.0,3607690.0
stock_cn,stock_cn_kline,sz002909,1H,2026-07-16T14:00:00+08:00,,4.91,4.91,4.84,4.86,999000.0,4864404.0
stock_cn,stock_cn_kline,sz002909,1H,2026-07-16T15:00:00+08:00,,4.87,4.87,4.81,4.83,1342600.0,6496230.0
stock_cn,stock_cn_kline,sz002978,1H,2026-07-16T10:30:00+08:00,,25.85,26.13,25.7,26.1,993104.0,25726488.0
stock_cn,stock_cn_kline,sz002978,1H,2026-07-16T11:30:00+08:00,,26.11,26.35,26.0,26.11,406600.0,10637147.0
stock_cn,stock_cn_kline,sz002978,1H,2026-07-16T14:00:00+08:00,,26.14,26.2,25.98,26.16,441200.0,11517251.0
stock_cn,stock_cn_kline,sz002978,1H,2026-07-16T15:00:00+08:00,,26.16,26.2,25.98,26.19,649100.0,16938075.0
stock_cn,stock_cn_kline,sz003816,1H,2026-07-16T10:30:00+08:00,,3.92,3.95,3.89,3.89,37640200.0,147293450.0
stock_cn,stock_cn_kline,sz003816,1H,2026-07-16T11:30:00+08:00,,3.9,3.92,3.89,3.91,15083000.0,58895630.0
stock_cn,stock_cn_kline,sz003816,1H,2026-07-16T14:00:00+08:00,,3.92,3.93,3.9,3.9,13935301.0,54513200.0
stock_cn,stock_cn_kline,sz003816,1H,2026-07-16T15:00:00+08:00,,3.91,3.91,3.87,3.88,29357700.0,114076900.0
stock_cn,stock_cn_kline,sz300001,1H,2026-07-16T10:30:00+08:00,,32.77,32.88,30.94,31.24,8174200.0,259062770.0
stock_cn,stock_cn_kline,sz300001,1H,2026-07-16T11:30:00+08:00,,31.2,31.57,30.95,31.17,3128045.0,97597160.0
stock_cn,stock_cn_kline,sz300001,1H,2026-07-16T14:00:00+08:00,,31.19,31.52,31.09,31.24,3005300.0,93999520.0
stock_cn,stock_cn_kline,sz300001,1H,2026-07-16T15:00:00+08:00,,31.24,31.34,31.01,31.28,5177848.0,161296980.0
stock_cn,stock_cn_kline,sz300054,1H,2026-07-16T10:30:00+08:00,,75.55,78.2,73.66,76.49,17030485.0,1296047030.0
stock_cn,stock_cn_kline,sz300054,1H,2026-07-16T11:30:00+08:00,,76.48,77.67,75.2,75.69,5757114.0,438615670.0
stock_cn,stock_cn_kline,sz300054,1H,2026-07-16T14:00:00+08:00,,75.69,75.69,73.17,73.39,9536844.0,707185400.0
stock_cn,stock_cn_kline,sz300054,1H,2026-07-16T15:00:00+08:00,,73.43,74.3,71.95,72.5,12635239.0,918858700.0
stock_cn,stock_cn_kline,sz300109,1H,2026-07-16T10:30:00+08:00,,13.27,13.32,13.0,13.28,1654930.0,21765813.0
stock_cn,stock_cn_kline,sz300109,1H,2026-07-16T11:30:00+08:00,,13.28,13.32,13.12,13.2,818710.0,10831356.0
stock_cn,stock_cn_kline,sz300109,1H,2026-07-16T14:00:00+08:00,,13.21,13.26,13.09,13.13,945040.0,12422409.0
stock_cn,stock_cn_kline,sz300109,1H,2026-07-16T15:00:00+08:00,,13.13,13.16,13.03,13.08,1278558.0,16736999.0
stock_cn,stock_cn_kline,sz300162,1H,2026-07-16T10:30:00+08:00,,8.4,8.65,8.18,8.59,13940169.0,117551536.0
stock_cn,stock_cn_kline,sz300162,1H,2026-07-16T11:30:00+08:00,,8.59,8.68,8.45,8.49,4162353.0,35636514.0
stock_cn,stock_cn_kline,sz300162,1H,2026-07-16T14:00:00+08:00,,8.5,8.5,8.24,8.28,6695507.0,55896410.0
stock_cn,stock_cn_kline,sz300162,1H,2026-07-16T15:00:00+08:00,,8.29,8.35,8.1,8.17,10123057.0,83019950.0
stock_cn,stock_cn_kline,sz300217,1H,2026-07-16T10:30:00+08:00,,4.29,4.43,4.26,4.38,13713771.0,59608273.0
stock_cn,stock_cn_kline,sz300217,1H,2026-07-16T11:30:00+08:00,,4.39,4.41,4.35,4.36,3714300.0,16243697.0
stock_cn,stock_cn_kline,sz300217,1H,2026-07-16T14:00:00+08:00,,4.37,4.38,4.32,4.32,3665400.0,15901362.0
stock_cn,stock_cn_kline,sz300217,1H,2026-07-16T15:00:00+08:00,,4.33,4.34,4.28,4.3,5295100.0,22812020.0
stock_cn,stock_cn_kline,sz300267,1H,2026-07-16T10:30:00+08:00,,3.34,3.42,3.27,3.4,18353495.0,61382938.0
stock_cn,stock_cn_kline,sz300267,1H,2026-07-16T11:30:00+08:00,,3.41,3.41,3.38,3.4,8452200.0,28708101.0
stock_cn,stock_cn_kline,sz300267,1H,2026-07-16T14:00:00+08:00,,3.4,3.42,3.37,3.41,7179899.0,24408759.0
stock_cn,stock_cn_kline,sz300267,1H,2026-07-16T15:00:00+08:00,,3.4,3.41,3.37,3.41,8668227.0,29417282.0
stock_cn,stock_cn_kline,sz300322,1H,2026-07-16T10:30:00+08:00,,19.7,20.19,18.5,19.84,11221401.0,217361600.0
stock_cn,stock_cn_kline,sz300322,1H,2026-07-16T11:30:00+08:00,,19.83,20.02,19.5,19.72,3149203.0,62262350.0
stock_cn,stock_cn_kline,sz300322,1H,2026-07-16T14:00:00+08:00,,19.7,19.71,19.11,19.25,3607297.0,69733770.0
stock_cn,stock_cn_kline,sz300322,1H,2026-07-16T15:00:00+08:00,,19.24,19.35,19.04,19.16,3918847.0,75022710.0
stock_cn,stock_cn_kline,sz300382,1H,2026-07-16T10:30:00+08:00,,17.6,18.6,17.47,18.11,13215896.0,239928430.0
stock_cn,stock_cn_kline,sz300382,1H,2026-07-16T11:30:00+08:00,,18.1,18.29,17.83,17.92,2717002.0,48971580.0
stock_cn,stock_cn_kline,sz300382,1H,2026-07-16T14:00:00+08:00,,17.92,17.92,17.0,17.12,6368807.0,110797700.0
stock_cn,stock_cn_kline,sz300382,1H,2026-07-16T15:00:00+08:00,,17.12,17.27,16.98,17.08,7117105.0,121482780.0
stock_cn,stock_cn_kline,sz300434,1H,2026-07-16T10:30:00+08:00,,12.09,12.2,11.47,12.09,23416300.0,277063200.0
stock_cn,stock_cn_kline,sz300434,1H,2026-07-16T11:30:00+08:00,,12.08,12.22,11.89,11.96,6032070.0,72706290.0
stock_cn,stock_cn_kline,sz300434,1H,2026-07-16T14:00:00+08:00,,11.98,12.29,11.78,12.02,7040201.0,84792510.0
stock_cn,stock_cn_kline,sz300434,1H,2026-07-16T15:00:00+08:00,,12.02,12.04,11.7,11.81,8333600.0,98572270.0
stock_cn,stock_cn_kline,sz300536,1H,2026-07-16T10:30:00+08:00,,8.2,8.84,8.19,8.7,6374993.0,54504012.0
stock_cn,stock_cn_kline,sz300536,1H,2026-07-16T11:30:00+08:00,,8.69,8.79,8.56,8.75,2031700.0,17693776.0
stock_cn,stock_cn_kline,sz300536,1H,2026-07-16T14:00:00+08:00,,8.75,8.77,8.61,8.62,1311200.0,11376293.0
stock_cn,stock_cn_kline,sz300536,1H,2026-07-16T15:00:00+08:00,,8.65,8.68,8.54,8.6,2107500.0,18119179.0
stock_cn,stock_cn_kline,sz300588,1H,2026-07-16T10:30:00+08:00,,21.86,22.26,21.5,22.01,1986600.0,43580566.0
stock_cn,stock_cn_kline,sz300588,1H,2026-07-16T11:30:00+08:00,,22.01,22.36,21.82,22.09,933100.0,20638615.0
stock_cn,stock_cn_kline,sz300588,1H,2026-07-16T14:00:00+08:00,,22.08,22.08,21.82,21.94,770580.0,16884541.0
stock_cn,stock_cn_kline,sz300588,1H,2026-07-16T15:00:00+08:00,,21.94,23.07,21.89,23.06,3275495.0,73759828.0
stock_cn,stock_cn_kline,sz300638,1H,2026-07-16T10:30:00+08:00,,18.52,21.82,18.3,20.91,40430254.0,816716660.0
stock_cn,stock_cn_kline,sz300638,1H,2026-07-16T11:30:00+08:00,,20.9,21.16,20.54,20.7,5265405.0,109326680.0
stock_cn,stock_cn_kline,sz300638,1H,2026-07-16T14:00:00+08:00,,20.7,21.02,20.61,20.68,4051473.0,84369000.0
stock_cn,stock_cn_kline,sz300638,1H,2026-07-16T15:00:00+08:00,,20.68,20.71,20.43,20.68,6953156.0,143191480.0
stock_cn,stock_cn_kline,sz300688,1H,2026-07-16T10:30:00+08:00,,25.9,27.0,25.61,26.57,2280300.0,60517914.0
stock_cn,stock_cn_kline,sz300688,1H,2026-07-16T11:30:00+08:00,,26.57,26.6,26.32,26.41,654900.0,17325216.0
stock_cn,stock_cn_kline,sz300688,1H,2026-07-16T14:00:00+08:00,,26.48,26.5,26.14,26.23,567700.0,14930025.0
stock_cn,stock_cn_kline,sz300688,1H,2026-07-16T15:00:00+08:00,,26.24,26.24,25.95,26.13,995499.0,25908577.0
stock_cn,stock_cn_kline,sz300741,1H,2026-07-16T10:30:00+08:00,,12.62,12.87,12.5,12.85,1281381.0,16234568.0
stock_cn,stock_cn_kline,sz300741,1H,2026-07-16T11:30:00+08:00,,12.83,12.86,12.77,12.84,343794.0,4407585.0
stock_cn,stock_cn_kline,sz300741,1H,2026-07-16T14:00:00+08:00,,12.84,12.86,12.75,12.83,663800.0,8503921.0
stock_cn,stock_cn_kline,sz300741,1H,2026-07-16T15:00:00+08:00,,12.84,12.85,12.6,12.73,1131900.0,14373835.0
stock_cn,stock_cn_kline,sz300750,1H,2026-07-16T10:30:00+08:00,,369.48,370.97,364.5,370.2,9916569.0,3649770500.0
stock_cn,stock_cn_kline,sz300750,1H,2026-07-16T11:30:00+08:00,,370.38,375.02,370.21,372.99,4618958.0,1721722700.0
stock_cn,stock_cn_kline,sz300750,1H,2026-07-16T14:00:00+08:00,,372.96,373.01,367.94,368.04,3936301.0,1458228700.0
stock_cn,stock_cn_kline,sz300750,1H,2026-07-16T15:00:00+08:00,,368.04,369.47,365.01,366.2,6715054.0,2460978000.0
stock_cn,stock_cn_kline,sz300795,1H,2026-07-16T10:30:00+08:00,,8.39,8.65,8.27,8.64,1548900.0,13061525.0
stock_cn,stock_cn_kline,sz300795,1H,2026-07-16T11:30:00+08:00,,8.63,8.7,8.58,8.67,817800.0,7067228.0
stock_cn,stock_cn_kline,sz300795,1H,2026-07-16T14:00:00+08:00,,8.67,8.81,8.66,8.72,1062080.0,9279678.0
stock_cn,stock_cn_kline,sz300795,1H,2026-07-16T15:00:00+08:00,,8.72,8.76,8.67,8.73,1190250.0,10368209.0
stock_cn,stock_cn_kline,sz300845,1H,2026-07-16T10:30:00+08:00,,11.91,12.15,11.6,12.0,1985909.0,23582280.0
stock_cn,stock_cn_kline,sz300845,1H,2026-07-16T11:30:00+08:00,,11.98,12.06,11.89,11.93,1025448.0,12264877.0
stock_cn,stock_cn_kline,sz300845,1H,2026-07-16T14:00:00+08:00,,11.92,11.94,11.71,11.72,665700.0,7864013.0
stock_cn,stock_cn_kline,sz300845,1H,2026-07-16T15:00:00+08:00,,11.72,11.84,11.65,11.77,1215618.0,14291703.0
stock_cn,stock_cn_kline,sz300895,1H,2026-07-16T10:30:00+08:00,,48.14,49.86,47.38,49.35,2088085.0,101858274.0
stock_cn,stock_cn_kline,sz300895,1H,2026-07-16T11:30:00+08:00,,49.29,49.87,48.73,49.3,959136.0,47365386.0
stock_cn,stock_cn_kline,sz300895,1H,2026-07-16T14:00:00+08:00,,49.3,49.3,48.5,48.67,580624.0,28343630.0
stock_cn,stock_cn_kline,sz300895,1H,2026-07-16T15:00:00+08:00,,48.68,48.86,48.18,48.85,929272.0,45042290.0
stock_cn,stock_cn_kline,sz300948,1H,2026-07-16T10:30:00+08:00,,21.92,22.41,21.4,22.01,1614950.0,35264419.0
stock_cn,stock_cn_kline,sz300948,1H,2026-07-16T11:30:00+08:00,,22.01,22.18,21.84,22.02,447200.0,9832149.0
stock_cn,stock_cn_kline,sz300948,1H,2026-07-16T14:00:00+08:00,,22.01,22.06,21.56,21.74,521000.0,11328525.0
stock_cn,stock_cn_kline,sz300948,1H,2026-07-16T15:00:00+08:00,,21.73,21.73,21.41,21.64,981732.0,21164002.0
stock_cn,stock_cn_kline,sz300999,1H,2026-07-16T10:30:00+08:00,,25.26,25.58,25.15,25.36,5061200.0,128118977.0
stock_cn,stock_cn_kline,sz300999,1H,2026-07-16T11:30:00+08:00,,25.36,25.5,25.27,25.47,1694900.0,43070493.0
stock_cn,stock_cn_kline,sz300999,1H,2026-07-16T14:00:00+08:00,,25.45,25.69,25.44,25.61,3146400.0,80570650.0
stock_cn,stock_cn_kline,sz300999,1H,2026-07-16T15:00:00+08:00,,25.61,25.62,25.4,25.52,2952646.0,75273120.0
