space_id,dataset_id,subject_id,freq,data_time,open,high,low,close,volume,quote_volume,funding_rate
crypto,binance_perpetual_kline_1h,BTC-USDT,1h,2026-07-15T00:00:00Z,65014.6,65043.3,64743.6,64798.1,4489.662,291260853.7614,0.0001
crypto,binance_perpetual_kline_1h,BTC-USDT,1h,2026-07-15T01:00:00Z,64798.1,64830.2,64618.8,64643.7,3480.114,225192393.8365,
crypto,binance_perpetual_kline_1h,BTC-USDT,1h,2026-07-15T02:00:00Z,64643.7,64732.6,64456.7,64473.0,3174.884,204927664.3184,
crypto,binance_perpetual_kline_1h,BTC-USDT,1h,2026-07-15T03:00:00Z,64473.1,64820.1,64473.0,64760.8,2866.928,185373608.7525,
crypto,binance_perpetual_kline_1h,BTC-USDT,1h,2026-07-15T04:00:00Z,64760.9,64868.0,64686.6,64723.5,2176.426,140985278.8657,
crypto,binance_perpetual_kline_1h,BTC-USDT,1h,2026-07-15T05:00:00Z,64723.6,64941.7,64580.0,64920.5,2716.995,175883868.9139,
crypto,binance_perpetual_kline_1h,BTC-USDT,1h,2026-07-15T06:00:00Z,64920.5,65260.0,64784.7,64784.7,8661.145,563221809.3933,
crypto,binance_perpetual_kline_1h,BTC-USDT,1h,2026-07-15T07:00:00Z,64784.8,64850.0,64450.9,64528.0,6827.282,441139628.6091,
crypto,binance_perpetual_kline_1h,BTC-USDT,1h,2026-07-15T08:00:00Z,64528.0,64785.8,64528.0,64745.0,3889.073,251427366.9281,0.0001
crypto,binance_perpetual_kline_1h,BTC-USDT,1h,2026-07-15T09:00:00Z,64744.9,64899.9,64626.2,64644.6,3146.199,203786245.6668,
crypto,binance_perpetual_kline_1h,BTC-USDT,1h,2026-07-15T10:00:00Z,64644.6,64826.8,64582.7,64633.0,2611.385,168912790.9394,
crypto,binance_perpetual_kline_1h,BTC-USDT,1h,2026-07-15T11:00:00Z,64633.0,64728.7,64585.6,64707.5,1873.463,121146338.1558,
crypto,binance_perpetual_kline_1h,BTC-USDT,1h,2026-07-15T12:00:00Z,64707.4,65241.3,64568.8,65133.7,12263.474,795838971.2457,
crypto,binance_perpetual_kline_1h,BTC-USDT,1h,2026-07-15T13:00:00Z,65133.7,65550.5,64852.5,65090.2,18067.99,1179423648.0364,
crypto,binance_perpetual_kline_1h,BTC-USDT,1h,2026-07-15T14:00:00Z,65090.2,65497.0,65033.5,65364.8,10429.982,680937670.9553,
crypto,binance_perpetual_kline_1h,BTC-USDT,1h,2026-07-15T15:00:00Z,65364.8,65589.7,65230.0,65391.6,7683.692,502612907.0317,
crypto,binance_perpetual_kline_1h,BTC-USDT,1h,2026-07-15T16:00:00Z,65391.5,65438.0,64752.0,65089.5,14894.086,968547770.8818,4.457e-05
crypto,binance_perpetual_kline_1h,BTC-USDT,1h,2026-07-15T17:00:00Z,65089.6,65148.2,64939.5,65023.1,8953.781,582313076.8968,
crypto,binance_perpetual_kline_1h,BTC-USDT,1h,2026-07-15T18:00:00Z,65023.1,65130.0,64817.1,64837.4,3429.166,222862977.9524,
crypto,binance_perpetual_kline_1h,BTC-USDT,1h,2026-07-15T19:00:00Z,64837.4,64967.9,64708.0,64942.0,2826.502,183299698.94,
crypto,binance_perpetual_kline_1h,BTC-USDT,1h,2026-07-15T20:00:00Z,64942.1,65030.5,64869.8,64939.9,1207.369,78429427.9175,
crypto,binance_perpetual_kline_1h,BTC-USDT,1h,2026-07-15T21:00:00Z,64939.9,64985.9,64756.7,64800.0,1958.445,126975118.9475,
crypto,binance_perpetual_kline_1h,BTC-USDT,1h,2026-07-15T22:00:00Z,64800.0,64949.7,64739.0,64831.5,2140.517,138800750.2988,
crypto,binance_perpetual_kline_1h,BTC-USDT,1h,2026-07-15T23:00:00Z,64831.6,64912.5,64660.0,64721.4,2455.054,158978086.1172,
crypto,binance_perpetual_kline_1h,ETH-USDT,1h,2026-07-15T00:00:00Z,1891.12,1892.5,1877.02,1880.71,139598.737,262804627.78461,3.834e-05
crypto,binance_perpetual_kline_1h,ETH-USDT,1h,2026-07-15T01:00:00Z,1880.7,1881.24,1865.59,1869.33,164176.284,307250261.38677,
crypto,binance_perpetual_kline_1h,ETH-USDT,1h,2026-07-15T02:00:00Z,1869.34,1872.36,1863.32,1863.62,89162.98,166457145.57563,
crypto,binance_perpetual_kline_1h,ETH-USDT,1h,2026-07-15T03:00:00Z,1863.63,1878.33,1863.5,1875.32,116310.434,217671709.54207,
crypto,binance_perpetual_kline_1h,ETH-USDT,1h,2026-07-15T04:00:00Z,1875.31,1879.85,1872.38,1875.65,73548.757,138003809.88202,
crypto,binance_perpetual_kline_1h,ETH-USDT,1h,2026-07-15T05:00:00Z,1875.65,1882.86,1870.53,1881.71,89876.568,168566307.73787,
crypto,binance_perpetual_kline_1h,ETH-USDT,1h,2026-07-15T06:00:00Z,1881.72,1891.54,1874.16,1874.82,243302.098,458572724.16458,
crypto,binance_perpetual_kline_1h,ETH-USDT,1h,2026-07-15T07:00:00Z,1874.81,1876.37,1863.57,1869.13,198028.788,370203026.49233,
crypto,binance_perpetual_kline_1h,ETH-USDT,1h,2026-07-15T08:00:00Z,1869.13,1878.9,1869.08,1878.29,91108.831,170785988.70624,5.006e-05
crypto,binance_perpetual_kline_1h,ETH-USDT,1h,2026-07-15T09:00:00Z,1878.3,1885.66,1878.09,1879.08,120807.873,227283237.25262,
crypto,binance_perpetual_kline_1h,ETH-USDT,1h,2026-07-15T10:00:00Z,1879.08,1885.63,1874.0,1877.17,91050.265,171118996.06864,
crypto,binance_perpetual_kline_1h,ETH-USDT,1h,2026-07-15T11:00:00Z,1877.17,1885.0,1876.51,1883.64,78897.15,148387994.09396,
crypto,binance_perpetual_kline_1h,ETH-USDT,1h,2026-07-15T12:00:00Z,1883.63,1929.75,1878.47,1926.73,730267.548,1392166107.13953,
crypto,binance_perpetual_kline_1h,ETH-USDT,1h,2026-07-15T13:00:00Z,1926.73,1946.75,1916.4,1924.7,911972.327,1763310131.09962,
crypto,binance_perpetual_kline_1h,ETH-USDT,1h,2026-07-15T14:00:00Z,1924.7,1934.87,1918.16,1932.48,339456.697,654551311.31118,
crypto,binance_perpetual_kline_1h,ETH-USDT,1h,2026-07-15T15:00:00Z,1932.48,1938.0,1924.67,1930.97,208421.589,402640431.40307,
crypto,binance_perpetual_kline_1h,ETH-USDT,1h,2026-07-15T16:00:00Z,1930.97,1932.09,1903.37,1918.82,381316.986,730414602.96937,8.736e-05
crypto,binance_perpetual_kline_1h,ETH-USDT,1h,2026-07-15T17:00:00Z,1918.83,1930.8,1918.52,1927.18,153939.536,296102492.24437,
crypto,binance_perpetual_kline_1h,ETH-USDT,1h,2026-07-15T18:00:00Z,1927.19,1936.51,1921.88,1923.82,168983.458,326161833.15761,
crypto,binance_perpetual_kline_1h,ETH-USDT,1h,2026-07-15T19:00:00Z,1923.81,1928.47,1918.2,1923.2,106273.02,204430406.28464,
crypto,binance_perpetual_kline_1h,ETH-USDT,1h,2026-07-15T20:00:00Z,1923.2,1930.0,1918.64,1922.65,63674.742,122504105.9274,
crypto,binance_perpetual_kline_1h,ETH-USDT,1h,2026-07-15T21:00:00Z,1922.66,1924.99,1918.67,1921.29,35622.004,68451132.57941,
crypto,binance_perpetual_kline_1h,ETH-USDT,1h,2026-07-15T22:00:00Z,1921.28,1927.34,1917.3,1922.46,73439.19499999999,141190570.67089,
crypto,binance_perpetual_kline_1h,ETH-USDT,1h,2026-07-15T23:00:00Z,1922.47,1926.28,1913.91,1916.91,83112.091,159434449.7401,
crypto,binance_perpetual_kline_1h,SOL-USDT,1h,2026-07-15T00:00:00Z,77.83,77.88,77.43,77.64,416541.08,32341063.1485,1.428e-05
crypto,binance_perpetual_kline_1h,SOL-USDT,1h,2026-07-15T01:00:00Z,77.63,77.79,77.22,77.4,668342.67,51777773.036,
crypto,binance_perpetual_kline_1h,SOL-USDT,1h,2026-07-15T02:00:00Z,77.4,77.55,76.98,77.26,950369.57,73358655.8998,
crypto,binance_perpetual_kline_1h,SOL-USDT,1h,2026-07-15T03:00:00Z,77.27,77.86,77.17,77.73,458729.67,35570799.3294,
crypto,binance_perpetual_kline_1h,SOL-USDT,1h,2026-07-15T04:00:00Z,77.73,78.15,77.49,77.97,640637.02,49889009.8026,
crypto,binance_perpetual_kline_1h,SOL-USDT,1h,2026-07-15T05:00:00Z,77.97,78.33,77.61,78.23,747140.25,58238685.4055,
crypto,binance_perpetual_kline_1h,SOL-USDT,1h,2026-07-15T06:00:00Z,78.22,78.68,77.9,77.9,1511031.23,118345860.7478,
crypto,binance_perpetual_kline_1h,SOL-USDT,1h,2026-07-15T07:00:00Z,77.9,77.97,77.36,77.36,692366.73,53773044.8342,
crypto,binance_perpetual_kline_1h,SOL-USDT,1h,2026-07-15T08:00:00Z,77.37,77.58,77.2,77.53,619833.97,47979452.3613,2.48e-05
crypto,binance_perpetual_kline_1h,SOL-USDT,1h,2026-07-15T09:00:00Z,77.53,77.87,77.39,77.43,373204.69,28977607.7743,
crypto,binance_perpetual_kline_1h,SOL-USDT,1h,2026-07-15T10:00:00Z,77.44,77.68,77.16,77.33,526463.66,40721197.4394,
crypto,binance_perpetual_kline_1h,SOL-USDT,1h,2026-07-15T11:00:00Z,77.33,77.48,77.29,77.48,222192.41,17197509.7412,
crypto,binance_perpetual_kline_1h,SOL-USDT,1h,2026-07-15T12:00:00Z,77.48,78.28,77.21,78.25,1213062.52,94349283.3731,
crypto,binance_perpetual_kline_1h,SOL-USDT,1h,2026-07-15T13:00:00Z,78.25,79.01,77.64,78.05,2529896.42,198573427.3254,
crypto,binance_perpetual_kline_1h,SOL-USDT,1h,2026-07-15T14:00:00Z,78.06,78.34,77.73,78.17,1121976.37,87568909.5905,
crypto,binance_perpetual_kline_1h,SOL-USDT,1h,2026-07-15T15:00:00Z,78.18,78.22,77.7,78.03,896172.12,69927377.6927,
crypto,binance_perpetual_kline_1h,SOL-USDT,1h,2026-07-15T16:00:00Z,78.03,78.09,77.02,77.59,1217367.85,94309018.5637,-6.87e-06
crypto,binance_perpetual_kline_1h,SOL-USDT,1h,2026-07-15T17:00:00Z,77.59,78.0,77.45,77.78,588945.44,45769561.4413,
crypto,binance_perpetual_kline_1h,SOL-USDT,1h,2026-07-15T18:00:00Z,77.77,78.04,77.46,77.55,489129.25,38060622.2794,
crypto,binance_perpetual_kline_1h,SOL-USDT,1h,2026-07-15T19:00:00Z,77.55,77.66,76.86,77.14,729398.79,56309516.0016,
crypto,binance_perpetual_kline_1h,SOL-USDT,1h,2026-07-15T20:00:00Z,77.14,77.5,77.06,77.35,334502.91,25860876.549,
crypto,binance_perpetual_kline_1h,SOL-USDT,1h,2026-07-15T21:00:00Z,77.34,77.49,77.19,77.39,192463.74,14882989.6827,
crypto,binance_perpetual_kline_1h,SOL-USDT,1h,2026-07-15T22:00:00Z,77.38,77.7,77.25,77.47,363283.53,28159246.7102,
crypto,binance_perpetual_kline_1h,SOL-USDT,1h,2026-07-15T23:00:00Z,77.47,77.58,77.16,77.23,315773.84,24420856.7318,
